canonical_smiles,molecule_chembl_id,pIC50,class
C=C1N[C@@H](CC(C)C)C(=O)N2CCC[C@H]2C(=O)N[C@@H](CCCNC(=N)N)C(=O)N[C@@H]([C@@H](C)CC)C(=O)N[C@@H](Cc2c[nH]cn2)C(=O)N[C@H](C(=O)N[C@@H](C)C(N)=O)CSCCC(=O)N2CN3CN(C2)C(=O)CCSC[C@H](NC(=O)[C@H](Cc2c[nH]cn2)NC(=O)[C@@H](CO)NC(=O)[C@H](CCCNC(=N)N)NC(=O)[C@H](C(C)(C)C)NC(=O)[C@@H](NC(=O)[C@H](C)N)CSCCC3=O)C(=O)N[C@@H](CO)C(=O)N[C@@H](CO)C(=O)N[C@H]1CC(C)C,CHEMBL5420290,7.3979400086720375,Active
CC(=O)CN1C(=O)/C(=N\C(=S)NCc2cc3ccccc3cc2O)c2ccccc21,CHEMBL4159339,6.950781977329818,Active
CC(=O)C[C@]1(O)C(=O)C2=C3O[C@H](C)C(C)(C)[C@]3(O)C(=O)c3c(C)cc(O)c(c32)C1=O,CHEMBL5177969,4.947690900352677,Inactive
CC(=O)N1C(=O)/C(=N\C(=S)NCc2cc3ccccc3cc2O)c2ccccc21,CHEMBL4167651,7.97183558057553,Active
CC(=O)N1CCCC1C(NC(C)C(=O)N1CCCC1C(=O)O)C(=O)O,CHEMBL342652,8.0268721464003,Active
CC(=O)NC(Cc1ccccc1)C(=O)CCC(=O)N1CCC[C@H]1C(=O)O,CHEMBL172917,6.481486060122113,Active
CC(=O)SCC(C)C(=O)N1CCc2ccccc2C1,CHEMBL57202,4.309803919971486,Inactive
CC(=O)SCC(C)C(=O)N1CCc2ccccc2C1C(=O)O,CHEMBL57201,4.0,Inactive
CC(=O)SCC(C)C(=O)N1Cc2ccccc2C1C(=O)O,CHEMBL57200,4.619788758288394,Inactive
CC(=O)SCC(C)C(=O)N1Cc2ccccc2CC1C(=O)O,CHEMBL58720,6.886056647693163,Active
CC(=O)SCC(C)C(=O)NCc1ccccc1,CHEMBL326801,3.5,Inactive
CC(=O)SCC(C)C(=O)Nc1ccccc1,CHEMBL322069,6.110924374808178,Active
CC(=O)SCC1CCCN(C(C(=O)O)c2ccccc2)C1=O,CHEMBL12006,4.721246399047171,Inactive
CC(=O)SCC1CCCN(C(C)C(=O)O)C1=O,CHEMBL416339,4.455931955649724,Inactive
CC(=O)SCC1CCCN(CC(=O)O)C1=O,CHEMBL11795,4.0,Inactive
CC(=O)SCC1CCN(CC(=O)O)C1=O,CHEMBL11783,4.481486060122112,Inactive
CC(=O)SCCC(=O)N1Cc2ccccc2C1C(=O)O,CHEMBL61137,4.657577319177793,Inactive
CC(=O)S[C@@H]1C[C@@H](COCc2cc(F)c(F)cc2F)N(C(=O)Oc2cccc3c2OCCO3)C1,CHEMBL191879,4.0,Inactive
CC(C)(C)CN(C[C@H](O)C(=O)O)C(=O)N[C@@H](Cc1ccc2ccccc2c1)C(=O)O,CHEMBL273142,6.718966632752273,Active
CC(C)(C)OC(=O)NCCCC[C@H](N[C@H]1CCc2ccccc2N(CC(=O)O)C1=O)C(=O)O,CHEMBL40420,8.397940008672037,Active
CC(C)(C)[C@H](NCP(=O)(O)O)C(=O)N[C@@H](Cc1ccc(-c2ccccc2)cc1)C(=O)O,CHEMBL93206,6.0,Active
CC(C)CC(NP(=O)(O)OC1OC(C)C(O)C(O)C1O)C(=O)NC(Cc1c[nH]c2ccccc12)C(=O)O,CHEMBL41289,8.299988937677888,Active
CC(C)CC(N[C@@H](Cc1cncn1Cc1cc(Cl)cc(Cl)c1)C(=O)O)C(=O)O,CHEMBL5220968,4.399999967876858,Inactive
CC(C)CC(S)C(Cc1ccccc1)C(=O)NC(C)C(=O)O,CHEMBL55286,4.920818753952375,Inactive
CC(C)CC(S)C(Cc1ccccc1)C(=O)NC(Cc1ccc(O)cc1)C(=O)O,CHEMBL171850,6.1487416512809245,Active
CC(C)CC(S)CC(=O)NC(Cc1ccccc1)C(=O)O,CHEMBL173287,5.0,Inactive
CC(C)CCC(NC(C)C(=O)N1CCCC1C(=O)O)C(=O)O,CHEMBL108606,8.100015437450608,Active
CC(C)CC[C@H](N[C@@H](C)C(=O)N1C(=O)N(Cc2ccccc2)C[C@H]1C(=O)O)C(=O)O,CHEMBL430689,8.481486060122112,Active
CC(C)CN(CP(=O)(O)O)C(=O)N[C@@H](Cc1ccc2ccccc2c1)C(=O)O,CHEMBL442455,7.5376020021010435,Active
CC(C)CN(C[C@H](O)C(=O)O)C(=O)N[C@@H](Cc1c[nH]c2ccccc12)C(=O)O,CHEMBL255568,6.987162775294828,Active
CC(C)CN(C[C@H](O)C(=O)O)C(=O)N[C@@H](Cc1ccc(-c2ccccc2)cc1)C(=O)O,CHEMBL409720,7.455931955649724,Active
CC(C)CN(C[C@H](O)C(=O)O)C(=O)N[C@@H](Cc1ccc(O)c(O)c1)C(=O)O,CHEMBL258278,7.638272163982407,Active
CC(C)CN(C[C@H](O)C(=O)O)C(=O)N[C@@H](Cc1ccc(O)cc1)C(=O)O,CHEMBL270576,7.221848749616356,Active
CC(C)CN(C[C@H](O)C(=O)O)C(=O)N[C@@H](Cc1ccc2ccccc2c1)C(=O)O,CHEMBL450935,7.2839966563652006,Active
CC(C)CN(C[C@H](O)C(=O)O)C(=O)N[C@@H](Cc1cccc2ccccc12)C(=O)O,CHEMBL409920,6.958607314841775,Active
CC(C)C[C@@H](CC(=O)N[C@@H](CO)C(=O)O)C(=O)O,CHEMBL3221963,4.499999953328896,Inactive
CC(C)C[C@@H](CC(=O)O)C(=O)N[C@@H](CO)C(=O)O,CHEMBL3221965,4.499999953328896,Inactive
CC(C)C[C@@H](N[C@@H](Cc1cncn1Cc1cc(Cl)cc(Cl)c1)C(=O)O)C(=O)O,CHEMBL5220314,4.399999967876858,Inactive
CC(C)C[C@@H]1NC(=O)[C@H](CO)NC(=O)[C@H](Cc2c[nH]cn2)NC(=O)[C@@H]2CSCCC(=O)N3CN(CN(C3)C(=O)CCSC[C@@H](C(=O)N[C@@H](C)C(N)=O)NC(=O)[C@H]([C@@H](C)O)NC(=O)[C@H](C)NC(=O)[C@H](CCCNC(=N)N)NC(=O)[C@@H]3CCCN3C(=O)[C@H](CC(C)C)NC1=O)C(=O)CCSC[C@H](NC(=O)[C@H](C)N)C(=O)N[C@@H]([C@@H](C)O)C(=O)N[C@@H](CCCNC(=N)N)C(=O)N1CCC[C@H]1C(=O)N[C@@H](Cc1c[nH]c3ccccc13)C(=O)N2,CHEMBL5396932,7.3979400086720375,Active
CC(C)C[C@@H]1NC(=O)[C@H](Cc2ccc(O)cc2)NC(=O)[C@H](CCC(N)=O)NC(=O)[C@H](CCC(N)=O)NC(=O)[C@@H]2CCCN2C(=O)[C@H](CC(=O)O)NC(=O)[C@H](CCCNC(=N)N)NC(=O)[C@@H]2CSCCC(=O)N3CN(CN(C3)C(=O)CCSC[C@@H](C(=O)N[C@@H](C)C(N)=O)NC(=O)[C@H](Cc3ccccc3)NC1=O)C(=O)CCSC[C@H](NC(=O)[C@H](C)N)C(=O)N[C@@H](Cc1c[nH]cn1)C(=O)N[C@@H](CCCCN)C(=O)N[C@@H](Cc1ccccc1)C(=O)N1CCC[C@H]1C(=O)N2,CHEMBL5415513,7.3979400086720375,Active
CC(C)C[C@H](CC(=O)N[C@@H](CO)C(=O)O)C(=O)O,CHEMBL3221964,4.499999953328896,Inactive
CC(C)C[C@H](CC(=O)O)C(=O)N[C@@H](CO)C(=O)O,CHEMBL3222111,4.499999953328896,Inactive
CC(C)C[C@H](N)C(=O)NCC(=O)O,CHEMBL55711,2.0599999999781002,Inactive
CC(C)C[C@H](N)C(=O)N[C@@H](C)C(=O)O,CHEMBL541207,3.5100000045692954,Inactive
CC(C)C[C@H](NC(=O)CN)C(=O)O,CHEMBL56119,2.6000000002609998,Inactive
CC(C)C[C@H](NC(=O)[C@@H](N)Cc1c[nH]cn1)C(=O)O,CHEMBL90260,2.4899999999055544,Inactive
CC(C)C[C@H](NCP(=O)(O)O)C(=O)N[C@@H](Cc1ccc(-c2ccccc2)cc1)C(=O)O,CHEMBL92676,6.0,Active
CC(C)C[C@H](N[C@@H](C)C(=O)N1C(=O)N(Cc2ccccc2)C[C@H]1C(=O)O)C(=O)O,CHEMBL99798,8.67778070526608,Active
CC(C)C[C@H](N[C@@H](Cc1cncn1Cc1cc(Cl)cc(Cl)c1)C(=O)O)C(=O)O,CHEMBL429844,5.0,Inactive
CC(C)C[C@H](N[C@H]1CCc2ccccc2N(CC(=O)O)C1=O)C(=O)O,CHEMBL40806,7.346787486224656,Active
CC(C)C[C@H](S)C(=O)N1CCC[C@H]1C(=O)N1CCC[C@H]1C(=O)N(C)[C@@H](C)C(=O)O,CHEMBL3954917,6.1938200260161125,Active
CC(C)C[C@H](S)C(=O)N1CCC[C@H]1C(=O)N1CCC[C@H]1C(=O)N1CCC[C@@H]1C(=O)O,CHEMBL3932740,4.920818753952375,Inactive
CC(C)C[C@H](S)C(=O)N1CCC[C@H]1C(=O)N1CCC[C@H]1C(=O)N1CC[C@H](C(=O)O)C1,CHEMBL3960222,4.309803919971486,Inactive
CC(C)C[C@H](S)C(=O)N1C[C@@H](F)C[C@H]1C(=O)N1CCC[C@H]1C(=O)N1CC[C@@H](C(=O)O)C1,CHEMBL4110944,4.167491087293763,Inactive
CC(C)C[C@H](S)C(=O)N[C@H]1CCc2ccccc2N(CC(=O)O)C1=O,CHEMBL415932,8.200659450546418,Active
CC(C)C[C@H](S)[C@@H](Cc1ccccc1)C(=O)N[C@@H](C)C(=O)O,CHEMBL2110347,4.79317412396815,Inactive
CC(C)C[C@H](S)[C@H](Cc1ccccc1)C(=O)N[C@@H](C)C(=O)O,CHEMBL2110258,5.0,Inactive
CC(C)OC(=O)N1C[C@H](S)CC1CNCc1cc(F)ccc1F,CHEMBL192441,4.0,Inactive
CC(C)Oc1ccc(C[C@H](NC(=O)[C@@H](NCP(=O)(O)O)C(C)C)C(=O)O)cc1,CHEMBL328030,7.036212172654444,Active
CC(C)[C@@H](O)C[C@H](O)[C@H](CC1CCCCC1)NC(=O)[C@H](Cc1c[nH]cn1)NC(=O)c1cc2ccccc2[nH]1,CHEMBL54677,4.0,Inactive
CC(C)[C@H](N)C(=O)N1CCC[C@H]1C(=O)O,CHEMBL439762,3.380000003615395,Inactive
CC(C)[C@H](N)C(=O)NCC(=O)O,CHEMBL301546,2.9599999984723877,Inactive
CC(C)[C@H](N)C(=O)N[C@@H](Cc1ccc(O)cc1)C(=O)O,CHEMBL90069,4.659999925349902,Inactive
CC(C)[C@H](N)C(=O)N[C@@H](Cc1ccccc1)C(=O)O,CHEMBL8486,4.279999967105453,Inactive
CC(C)[C@H](NC(=O)CN)C(=O)O,CHEMBL56035,2.33999999963408,Inactive
CC(C)[C@H](NCP(=O)(O)O)C(=O)N[C@@H](CCc1ccccc1)C(=O)O,CHEMBL93562,7.0,Active
CC(C)[C@H](NCP(=O)(O)O)C(=O)N[C@@H](Cc1c[nH]c2ccccc12)C(=O)O,CHEMBL92949,6.619788758288394,Active
CC(C)[C@H](NCP(=O)(O)O)C(=O)N[C@@H](Cc1ccc(-c2ccccc2)cc1)C(=O)N1C[C@H](O)C[C@H]1C(=O)O,CHEMBL329372,6.0,Active
CC(C)[C@H](NCP(=O)(O)O)C(=O)N[C@@H](Cc1ccc(-c2ccccc2)cc1)C(=O)N[C@@H](Cc1ccc(O)cc1)C(=O)O,CHEMBL329894,6.0,Active
CC(C)[C@H](NCP(=O)(O)O)C(=O)N[C@@H](Cc1ccc(-c2ccccc2)cc1)C(=O)O,CHEMBL89563,7.6020599913279625,Active
CC(C)[C@H](NCP(=O)(O)O)C(=O)N[C@@H](Cc1ccc(C2CCCCC2)cc1)C(=O)O,CHEMBL93167,6.913640169325252,Active
CC(C)[C@H](N[C@@H](C)C(=O)O)C(=O)N[C@@H](Cc1ccc(-c2ccccc2)cc1)C(=O)O,CHEMBL92632,7.638272163982407,Active
CC(C)c1ccc(C(C)(C)SC[C@H](NC(=O)[C@H](C)CS)C(=O)O)cc1,CHEMBL456723,6.585026652029182,Active
CC(C)c1ccc(C(C)SC[C@H](NC(=O)[C@H](C)CS)C(=O)O)cc1,CHEMBL458238,6.698970004336019,Active
CC(C)c1ccc(C(SC[C@H](NC(=O)[C@H](C)CS)C(=O)O)C(C)C)cc1,CHEMBL458451,6.366531544420414,Active
CC(C)c1ccc(CCCS[C@H]2CC[C@@H](C(=O)O)N2C(=O)[C@H](C)CS)cc1,CHEMBL499611,7.823908740944319,Active
CC(C)c1ccc(CCS[C@H]2CC[C@@H](C(=O)O)N2C(=O)[C@H](C)CS)cc1,CHEMBL525948,7.721246399047171,Active
CC(C)c1ccc(CSC(C)(C)[C@H](NC(=O)[C@H](C)CS)C(=O)O)cc1,CHEMBL511339,5.0,Inactive
CC(C)c1ccc(CSC[C@H](NC(=O)[C@H](C)CS)C(=O)O)cc1,CHEMBL461022,6.522878745280337,Active
CC(C)c1ccc(CS[C@@H]2CC[C@@H](C(=O)O)N2C(=O)[C@H](C)CS)cc1,CHEMBL499305,8.481486060122112,Active
CC(C)c1ccc(CS[C@H]2CC[C@@H](C(=O)O)N2C(=O)[C@H](C)CS)cc1,CHEMBL449792,8.075720713938118,Active
CC(CC(=O)C(Cc1ccccc1)NC(=O)C(CCCCN)NC(=O)C1CCC1)C(=O)N1CCCC1C(=O)O.O=C(O)C(F)(F)F,CHEMBL10521,8.522878745280337,Active
CC(CCC(=O)N1CCCC1C(=O)O)C(=O)O,CHEMBL293213,3.585026652029182,Inactive
CC(CCC(=O)N1CCC[C@H]1C(=O)O)C(=O)O,CHEMBL152188,3.585026652029182,Inactive
CC(CS)C(=O)N1C(=O)CCC1C(=O)O,CHEMBL110375,7.50003813440381,Active
CC(CS)C(=O)N1CCc2ccccc2C1,CHEMBL59354,4.318758762624412,Inactive
CC(CS)C(=O)N1CCc2ccccc2C1C(=O)O,CHEMBL61916,4.236572006437063,Inactive
CC(CS)C(=O)N1Cc2ccccc2C1C(=O)O,CHEMBL62203,4.853871964321762,Inactive
CC(CS)C(=O)N1Cc2ccccc2CC1C(=O)O,CHEMBL279737,7.7447274948966935,Active
CC(CS)C(=O)N1c2ccccc2CC1C(=O)O,CHEMBL23849,7.899974269892137,Active
CC(NC(=O)C1CCCCC1S)C(=O)N1CCCC1C(=O)O,CHEMBL107700,8.0,Active
CC(NC(=O)c1ccccc1)C(=O)CCC(=O)N1CCC[C@H]1C(=O)O,CHEMBL172913,6.522878745280337,Active
CC(NC(C(=O)O)C1CCCN1C(=O)NC(CCCCN)C(=O)N1C(=O)CCC1C(=O)O)C(=O)N1CCCC1C(=O)O,CHEMBL434617,8.070581074285707,Active
CC(NC(C(=O)O)C1CCCN1C(=O)NC(Cc1ccccc1)C(=O)NC(Cc1ccccc1)C(=O)O)C(=O)N1CCCC1C(=O)O,CHEMBL263460,8.537602002101044,Active
CC(NC(C(=O)O)C1CCCN1C(=O)NC(Cc1ccccc1)C(=O)O)C(=O)N1CCCC1C(=O)O,CHEMBL136312,8.267606240177031,Active
CC(NC(C(=O)O)C1CCCN1C(=O)NCC(=O)O)C(=O)N1CCCC1C(=O)O,CHEMBL342373,8.221848749616356,Active
CC(NC(C(=O)O)C1CCCN1C(=O)c1ccccc1)C(=O)N1CCCC1C(=O)O,CHEMBL335997,8.537602002101044,Active
CC(NC(CCC(=O)Nc1ccc(I)cc1)C(=O)O)C(=O)N1CCCC1C(=O)O,CHEMBL110925,9.100015437450608,Active
CC(NC(CCc1cccc2ccccc12)C(=O)O)C(=O)N1CCCC1C(=O)O,CHEMBL105971,8.500038134403809,Active
CC(NC(CCc1ccccc1)C(=O)O)C(=O)N1CCc2ccccc2C1C(=O)O,CHEMBL61811,8.236572006437063,Active
CC(NC(CCc1ccccc1)C(=O)O)C(=O)N1Cc2ccccc2C1C(=O)O,CHEMBL58480,8.508638306165727,Active
CC(NP(=O)(O)CCc1ccccc1)C(=O)N1CCCC1C(=O)O,CHEMBL62955,7.599980364934842,Active
CC(NP(=O)(O)O)C(=O)C1CCCC1C(=O)O,CHEMBL110870,8.299988937677888,Active
CC(N[C@H](C)C(=O)N1CCC[C@H]1C(=O)O)C(=O)O,CHEMBL152758,7.045757490560675,Active
CC(OC(CCc1ccccc1)C(=O)O)C(=O)N1CCCC1C(=O)O,CHEMBL285897,6.958607314841775,Active
CC(OC(CCc1ccccc1)C(=O)O)C(=O)N1Cc2ccccc2CC1C(=O)O,CHEMBL26226,7.0655015487564325,Active
CC(OP(=O)(O)C(CCc1ccccc1)NC(=O)c1ccccc1)C(=O)N1CCCC1C(=O)O,CHEMBL109178,7.400007822415902,Active
CC(S)(Cc1ccccc1)C(=O)N[C@H]1CCc2ccccc2N(CC(=O)O)C1=O,CHEMBL48534,6.969104180407994,Active
CC(S)C(Cc1ccccc1)C(=O)NCC(=O)O,CHEMBL366937,4.958607314841775,Inactive
CC(SC(CCc1ccccc1)C(=O)O)C(=O)N1C2CCCCC2C[C@H]1C(=O)O,CHEMBL1907755,6.853871964321762,Active
CC(SC(CCc1ccccc1)C(=O)O)C(=O)N1CCC[C@H]1C(=O)O,CHEMBL1907762,6.236572006437063,Active
CC1(C)CCCC(NC(=O)[C@@H](S)Cc2ccccc2)C(=O)N1CC(=O)O,CHEMBL114658,7.920818753952375,Active
CC1=C(C)S(=O)(=O)N(c2c(F)c(F)nc(F)c2F)C1=O,CHEMBL512758,4.0,Inactive
CC1=C(c2ccccc2)C(=O)N(c2c(F)c(F)nc(F)c2F)S1(=O)=O,CHEMBL461946,4.0,Inactive
CC1CCCC(C(=O)O)N1C(=O)CCS,CHEMBL331575,8.34948500216801,Active
CC1CCCC(NC(CCc2ccccc2)C(=O)O)C(=O)N1CC(=O)O,CHEMBL110439,8.0,Active
CCC(=O)O[C@@H](O[P@](=O)(CCCCc1ccccc1)CC(=O)N1C[C@H](C2CCCCC2)C[C@H]1C(=O)O)C(C)C,CHEMBL3039598,9.0,Active
CCC(C)C(CC(S)Cc1ccccc1)C(=O)NC(Cc1ccc(O)cc1)C(=O)O,CHEMBL55583,6.096910013008056,Active
CCC(C)C(NC(=O)C(Cc1ccccc1)C(C)S)C(=O)NC(Cc1ccc(O)cc1)C(=O)O,CHEMBL172978,6.522878745280337,Active
CCC(SC[C@H](NC(=O)[C@H](C)CS)C(=O)O)c1ccc(C(C)C)cc1,CHEMBL458447,6.468521082957745,Active
CCCC(C(=O)O)N1CCCC(CSC(C)=O)C1=O,CHEMBL416706,4.522878745280337,Inactive
CCCC(N[C@@H](C)C(=O)N1[C@H](C(=O)O)C[C@@H]2CCCC[C@@H]21)P(=O)(O)O,CHEMBL2442646,7.522878745280337,Active
CCCC(SC[C@H](NC(=O)[C@H](C)CS)C(=O)O)c1ccc(C(C)C)cc1,CHEMBL458450,6.376750709602099,Active
CCCCC(CC(=O)NO)S(=O)(=O)C1CCCCC1,CHEMBL77258,4.0,Inactive
CCCCC(CC(=O)NO)S(=O)(=O)c1ccc2ccccc2c1,CHEMBL78001,4.906578314837765,Inactive
CCCCC(CC(=O)NO)S(=O)(=O)c1ccccc1,CHEMBL263501,4.0915149811213505,Inactive
CCCCC(CC(=O)NO)[S+]([O-])c1ccccc1,CHEMBL75433,4.0,Inactive
CCCCCCCC[C@H](N[C@@H](C)C(=O)N1C(=O)N(C)C[C@H]1C(=O)O)C(=O)O,CHEMBL101360,8.795880017344075,Active
CCCCCCCC[C@H](N[C@@H](C)C(=O)N1C(=O)N(Cc2ccccc2)C[C@H]1C(=O)O)C(=O)O,CHEMBL101469,8.823908740944319,Active
CCCCCCCC[C@H](N[C@@H](CC)C(=O)N1C(=O)N(C)C[C@H]1C(=O)O)C(=O)O,CHEMBL100063,8.619788758288394,Active
CCCCCCCC[C@H](N[C@@H](CC)C(=O)N1C(=O)N(Cc2ccccc2)C[C@H]1C(=O)O)C(=O)O,CHEMBL328378,8.67778070526608,Active
CCCCCCC[C@H](N)C(O)C(=O)N[C@@H](C)C(=O)N[C@H](C(=O)O)C(C)C,CHEMBL4172457,3.337242168318426,Inactive
CCCCCCC[C@H](N)[C@H](O)C(=O)N(C)[C@@H](CC[S+](C)[O-])C(=O)N[C@@H](Cc1ccc(O)cc1)C(=O)O,CHEMBL4161811,4.508638306165727,Inactive
CCCCC[C@H](CC(=O)NO)C(=O)N[C@H](C(=O)N1CCC[C@H]1CO)C(C)C,CHEMBL308333,4.0,Inactive
CCCCN1C[C@@H](C(=O)O)N(C(=O)[C@H](C)N[C@@H](CCc2ccccc2)C(=O)O)C1=O,CHEMBL317304,8.173925197299173,Active
CCCC[C@@H](CC(=O)NO)S(=O)(=O)c1ccccc1,CHEMBL2092878,4.0,Inactive
CCCC[C@H](CC(=O)NO)S(=O)(=O)c1ccccc1,CHEMBL1788203,4.468521082957745,Inactive
CCCC[C@H](CN(O)C=O)C(=O)N[C@H](C(=O)N(C)C)C(C)(C)C,CHEMBL431210,4.0,Inactive
CCCC[C@H](N)C(=O)N[C@@H](C)C(=O)N1CCC[C@@H]1C(=O)O,CHEMBL340152,6.154901959985743,Active
CCCC[C@H](NCP(=O)(O)O)C(=O)N[C@@H](Cc1ccc(-c2ccccc2)cc1)C(=O)O,CHEMBL313419,6.13608262304214,Active
CCCC[C@H](N[C@@H](CCc1ccccc1)C(=O)O)C(=O)N1C[C@@H](NC(=O)C[C@H](N)Cc2cc(F)c(F)cc2F)C[C@H]1C(=O)O,CHEMBL4090635,6.554395796726403,Active
CCCC[C@H](N[C@H]1CCc2ccccc2N(CC(=O)O)C1=O)C(=O)O,CHEMBL41985,8.301029995663981,Active
CCCC[C@H](S)C(=O)N[C@H]1CCc2ccccc2N(CC(=O)O)C1=O,CHEMBL299875,8.267606240177031,Active
CCCCc1nc(Cl)c(CO)n1Cc1ccc(-c2ccccc2-c2nnn[nH]2)cc1,CHEMBL191,7.721246399047171,Active
CCCN1C(=O)/C(=N\C(=S)NCc2cc3ccccc3cc2O)c2ccccc21,CHEMBL4171024,7.928117992693875,Active
CCCN1C(=O)CC[C@H](NC(=O)[C@@H](S)Cc2ccccc2)C(=O)N1CC(=O)O,CHEMBL62417,8.0,Active
CCCN1CCC[C@H](NC(=O)[C@@H](S)Cc2ccccc2)C(=O)N1CC(=O)O,CHEMBL61566,8.221848749616356,Active
CCC[C@H](N[C@@H](C)C(=O)N1[C@H](C(=O)O)C[C@@H]2CCCC[C@@H]21)C(=O)OCC,CHEMBL1581,8.633803120088515,Active
CCC[C@H](N[C@@H](CCc1ccccc1)C(=O)O)C(=O)N1C[C@@H](NC(=O)C[C@H](N)Cc2cc(F)c(F)cc2F)C[C@H]1C(=O)O,CHEMBL4078112,7.292429823902063,Active
CCC[C@H](N[C@H]1CCc2ccccc2N(CC(=O)O)C1=O)C(=O)O,CHEMBL44139,8.221848749616356,Active
CCCc1ccc(CSC[C@H](NC(=O)[C@H](C)CS)C(=O)O)cc1,CHEMBL461021,6.6777807052660805,Active
CCCc1cnc(N2C[C@H](S)CC2CNCc2cc(F)ccc2F)nc1,CHEMBL194651,4.501689446210399,Inactive
CCOC(=O)C(CCc1ccccc1)N(C)C(C)C(=O)N1Cc2ccccc2CC1C(=O)O,CHEMBL291552,5.0,Inactive
CCOC(=O)C(CCc1ccccc1)NC(C)C(=O)N1Cc2cc(OC)c(OC)cc2CC1C(=O)OCC,CHEMBL60702,6.2839966563652006,Active
CCOC(=O)C(CCc1ccccc1)NC(C)C(=O)N1Cc2cc(OC)c(OC)cc2CC1C(=O)OCc1ccccc1,CHEMBL58340,6.522878745280337,Active
CCOC(=O)C(CCc1ccccc1)NC(C)C(=O)N1Cc2ccccc2CC1C(=O)OCC,CHEMBL412893,6.356547323513812,Active
CCOC(=O)C(CCc1ccccc1)OC(C)C(=O)N1C(C(=O)O)CC2CCCCC21,CHEMBL284898,7.619788758288394,Active
CCOC(=O)C(CCc1ccccc1)OC(C)C(=O)N1CCCC1C(=O)O,CHEMBL284494,6.657577319177793,Active
CCOC(=O)C(CCc1ccccc1)OC(C)C(=O)N1Cc2ccccc2CC1C(=O)O,CHEMBL25782,7.853871964321762,Active
CCOC(=O)C(CCc1ccccc1)SC(C)C(=O)N1Cc2ccccc2C[C@H]1C(=O)O,CHEMBL1907754,6.337242168318426,Active
CCOC(=O)C(CCc1ccccc1)[S+]([O-])C(C)C(=O)N1C2CCCCC2C[C@H]1C(=O)O,CHEMBL1907752,6.657577319177793,Active
CCOC(=O)[C@@H](CCc1ccccc1)N[C@@H](C)C(=O)N1Cc2ccccc2C[C@H]1C(=O)O,CHEMBL2114322,6.698970004336019,Active
CCOC(=O)[C@H](CCCCN)N[C@H]1CCc2ccccc2N(CC(=O)O)C1=O,CHEMBL417169,7.3979400086720375,Active
CCOC(=O)[C@H](CCCCNC(=O)OCc1ccccc1)N[C@H]1CCc2ccccc2N(CC(=O)O)C1=O,CHEMBL289618,7.823908740944319,Active
CCOC(=O)[C@H](CCc1ccccc1)N[C@@H](C)C(=O)N1C2CCCCC2C[C@H]1C(=O)O,CHEMBL2079671,7.0,Active
CCOC(=O)[C@H](CCc1ccccc1)N[C@@H](C)C(=O)N1CCC[C@H]1C(=O)O,CHEMBL578,7.101424302624229,Active
CCOC(=O)[C@H](CCc1ccccc1)N[C@@H](C)C(=O)N1Cc2cc(OC)c(OC)cc2C[C@@H]1C(=O)O,CHEMBL3350318,4.045757490560675,Inactive
CCOC(=O)[C@H](CCc1ccccc1)N[C@@H](C)C(=O)N1Cc2cc(OC)c(OC)cc2C[C@H]1C(=O)O,CHEMBL1165,7.918419312511491,Active
CCOC(=O)[C@H](CCc1ccccc1)N[C@@H](C)C(=O)N1Cc2ccccc2C[C@H]1C(=O)O,CHEMBL1592,8.080921907623926,Active
CCOC(=O)[C@H](CCc1ccccc1)N[C@@H](C)C(=O)N1Cc2ccccc2[C@@H]1C(=O)O,CHEMBL2115076,6.0,Active
CCOC(=O)[C@H](CCc1ccccc1)N[C@@H](C)C(=O)N1Cc2ccccc2[C@H]1C(=O)O,CHEMBL2115478,7.356547323513812,Active
CCOC(=O)[C@H](CCc1ccccc1)N[C@@H](C)C(=O)N1[C@H](C(=O)O)C[C@@H]2CCC[C@@H]21,CHEMBL1168,8.387345359137068,Active
CCOC(=O)[C@H](CCc1ccccc1)N[C@@H](C)C(=O)N1[C@H](C(=O)O)C[C@H]2CCCC[C@@H]21,CHEMBL1519,9.031517051446064,Active
CCOC(=O)[C@H](CCc1ccccc1)N[C@@H](CCCCN)C(=O)N1CC2(C[C@H]1C(=O)O)SCCS2,CHEMBL415881,6.698970004336019,Active
CCOC(=O)[C@H](CCc1ccccc1)N[C@H]1CCc2ccccc2N(CC(=O)O)C1=O,CHEMBL838,8.769551078621726,Active
CCOC(=O)[C@H](Cc1c[nH]c2ccccc12)N[C@H]1CCc2ccccc2N(CC(=O)O)C1=O,CHEMBL296331,6.267606240177032,Active
CCOc1ccc(CSC[C@H](NC(=O)[C@H](C)CS)C(=O)O)cc1,CHEMBL457571,6.468521082957745,Active
CCOc1nc(CC)c(CNC(=O)[C@@H](S)CC(C)C)n1Cc1ccc(-c2ccccc2C(=O)O)cc1F,CHEMBL4435800,5.0,Inactive
CC[C@@H](C)[C@H](NCP(=O)(O)O)C(=O)N[C@@H](Cc1ccc(-c2ccccc2)cc1)C(=O)O,CHEMBL90545,7.301029995663981,Active
CC[C@H](C)C(NCC(=O)O)C(=O)N[C@@H](Cc1ccc(-c2ccccc2)cc1)C(=O)O,CHEMBL328737,7.187086643357144,Active
CC[C@H](C)C(N[C@@H](C)C(=O)O)C(=O)N[C@@H](Cc1ccc(-c2ccccc2)cc1)C(=O)O,CHEMBL94173,7.657577319177793,Active
CC[C@H](C)[C@@H]1NC(=O)[C@H](CCCCNC(=N)N)NC(=O)[C@@H]2CCCN2C(=O)[C@H](CC(C)C)NC(=O)[C@H](CC(C)C)NC(=O)[C@H](CO)NC(=O)[C@H](CO)NNC(=O)[C@@H]2CSCCC(=O)N3CN(CN(C3)C(=O)CCSC[C@@H](C(=O)N[C@@H](C)C(N)=O)NC(=O)[C@H](Cc3c[nH]cn3)NC1=O)C(=O)CCSC[C@H](NC(=O)[C@H](C)N)C(=O)N[C@@H](C(C)C)C(=O)N[C@@H](C)C(=O)N[C@@H](CO)C(=O)N[C@@H](Cc1c[nH]cn1)C(=O)N2,CHEMBL5400083,7.3979400086720375,Active
CC[C@H](C)[C@@H]1NC(=O)[C@H](CCCNC(=N)N)NC(=O)[C@@H]2CCCN2C(=O)[C@@H]2CSCCC(=O)N3CN(CN(C3)C(=O)CCSC[C@@H](C(=O)N[C@@H](C)C(N)=O)NC(=O)[C@H](CC(N)=O)NC1=O)C(=O)CCSC[C@H](NC(=O)[C@H](C)N)C(=O)N[C@@H](CC(C)C)C(=O)N[C@@H](CCCNC(=N)N)C(=O)N[C@@H](CO)C(=O)N[C@@H](Cc1ccc(O)cc1)C(=O)N[C@@H](CC(N)=O)C(=O)N[C@@H](CC(C)C)C(=O)N2,CHEMBL5434641,7.3979400086720375,Active
CC[C@H](C)[C@@H]1NC(=O)[C@H](CCCNC(=N)N)NC(=O)[C@@H]2CCCN2C(=O)[C@H](CC(C)C)NC(=O)[C@H](CC(C)(C)C)NC(=O)[C@H](CO)NC(=O)[C@H](CO)NNC(=O)[C@@H]2CSCCC(=O)N3CN(CN(C3)C(=O)CCSC[C@@H](C(=O)N[C@@H](C)C(N)=O)NC(=O)[C@H](Cc3c[nH]cn3)NC1=O)C(=O)CCSC[C@H](NC(=O)[C@H](C)N)C(=O)N[C@@H](C(C)C)C(=O)N[C@@H](CCCNC(=N)N)C(=O)N[C@@H](CO)C(=O)N[C@@H](Cc1c[nH]cn1)C(=O)N2,CHEMBL5429562,7.3979400086720375,Active
CC[C@H](C)[C@@H]1NC(=O)[C@H](CCCNC(=N)N)NC(=O)[C@@H]2CCCN2C(=O)[C@H](CC(C)C)NC(=O)[C@H](CC(C)C)NC(=O)[C@H](CO)NC(=O)[C@H](CO)NC(=O)[C@@H]2CSCCC(=O)N3CN(CN(C3)C(=O)CCSC[C@@H](C(=O)N[C@@H](C)C(=O)O)NC(=O)[C@H](Cc3c[nH]cn3)NC1=O)C(=O)CCSC[C@H](NC(=O)[C@H](C)N)C(=O)N[C@@H](C(C)C)C(=O)N[C@@H](CCCNC(=N)N)C(=O)N[C@@H](CO)C(=O)N[C@@H](Cc1c[nH]cn1)C(=O)N2,CHEMBL5395954,7.3979400086720375,Active
CC[C@H](C)[C@@H]1NC(=O)[C@H](CCCNC(=N)N)NC(=O)[C@@H]2CCCN2C(=O)[C@H](CC(C)C)NC(=O)[C@H](CC(C)C)NC(=O)[C@H](CO)NC(=O)[C@H](CO)NC(=O)[C@@H]2CSCCC(=O)N3CN(CN(C3)C(=O)CCSC[C@@H](C(=O)N[C@@H](C)C(=O)O)NC(=O)[C@H](Cc3c[nH]cn3)NC1=O)C(=O)CCSC[C@H](NC(=O)[C@H](C)NC(C)=O)C(=O)N[C@@H](C(C)C)C(=O)N[C@@H](CCCNC(=N)N)C(=O)N[C@@H](CO)C(=O)N[C@@H](Cc1c[nH]cn1)C(=O)N2,CHEMBL5429094,7.3979400086720375,Active
CC[C@H](C)[C@@H]1NC(=O)[C@H](CCCNC(=N)N)NC(=O)[C@@H]2CCCN2C(=O)[C@H](CC(C)C)NC(=O)[C@H](CC(C)C)NC(=O)[C@H](CO)NC(=O)[C@H](CO)NNC(=O)[C@@H]2CSCCC(=O)N3CN(CN(C3)C(=O)CCSC[C@@H](C(=O)N[C@@H](C)C(N)=O)NC(=O)[C@H](Cc3c[nH]cn3)NC1=O)C(=O)CCSC[C@H](NC(=O)[C@H](C)N)C(=O)N[C@@H](C(C)C)C(=O)N[C@@H](CCCNC(=N)N)C(=O)N[C@@H](CO)C(=O)N[C@@H](Cc1ccc(C)cc1)C(=O)N2,CHEMBL5430631,7.3979400086720375,Active
CC[C@H](C)[C@@H]1NC(=O)[C@H](CCCNC(=N)N)NC(=O)[C@@H]2CCCN2C(=O)[C@H](CC(C)C)NC(=O)[C@H](CC(C)C)NC(=O)[C@H](CO)NC(=O)[C@H](CO)NNC(=O)[C@@H]2CSCCC(=O)N3CN(CN(C3)C(=O)CCSC[C@@H](C(=O)N[C@@H](C)C(N)=O)NC(=O)[C@H](Cc3c[nH]cn3)NC1=O)C(=O)CCSC[C@H](NC(=O)[C@H](C)N)C(=O)N[C@@H](C(C)C)C(=O)N[C@@H](CCCNC(=N)N)C(=O)N[C@@H](CO)C(=O)N[C@@H](Cc1ccc(CN)cc1)C(=O)N2,CHEMBL5437403,7.3979400086720375,Active
CC[C@H](C)[C@@H]1NC(=O)[C@H](CCCNC(=N)N)NC(=O)[C@@H]2CCCN2C(=O)[C@H](CC(C)C)NC(=O)[C@H](CC(C)C)NC(=O)[C@H](CO)NC(=O)[C@H](CO)NNC(=O)[C@@H]2CSCCC(=O)N3CN(CN(C3)C(=O)CCSC[C@@H](C(=O)N[C@@H](C)C(N)=O)NC(=O)[C@H](Cc3c[nH]cn3)NC1=O)C(=O)CCSC[C@H](NC(=O)[C@H](C)N)C(=O)N[C@@H](C(C)C)C(=O)N[C@@H](CCCNC(=N)N)C(=O)N[C@@H](CO)C(=O)N[C@@H](Cc1ccc(Cl)cc1)C(=O)N2,CHEMBL5424883,7.3979400086720375,Active
CC[C@H](C)[C@@H]1NC(=O)[C@H](CCCNC(=N)N)NC(=O)[C@@H]2CCCN2C(=O)[C@H](CC(C)C)NC(=O)[C@H](CC(C)C)NC(=O)[C@H](CO)NC(=O)[C@H](CO)NNC(=O)[C@@H]2CSCCC(=O)N3CN(CN(C3)C(=O)CCSC[C@@H](C(=O)N[C@@H](C)C(N)=O)NC(=O)[C@H](Cc3c[nH]cn3)NC1=O)C(=O)CCSC[C@H](NC(=O)[C@H](C)N)C(=O)N[C@@H](C(C)C)C(=O)N[C@@H](CCCNC(=N)N)C(=O)N[C@@H](CO)C(=O)N[C@@H](Cc1ccc(F)cc1)C(=O)N2,CHEMBL5406655,7.3979400086720375,Active
CC[C@H](C)[C@@H]1NC(=O)[C@H](CCCNC(=N)N)NC(=O)[C@@H]2CCCN2C(=O)[C@H](CC(C)C)NC(=O)[C@H](CC(C)C)NC(=O)[C@H](CO)NC(=O)[C@H](CO)NNC(=O)[C@@H]2CSCCC(=O)N3CN(CN(C3)C(=O)CCSC[C@@H](C(=O)N[C@@H](C)C(N)=O)NC(=O)[C@H](Cc3c[nH]cn3)NC1=O)C(=O)CCSC[C@H](NC(=O)[C@H](C)N)C(=O)N[C@@H](C(C)C)C(=O)N[C@@H](CCCNC(=N)N)C(=O)N[C@@H](CO)C(=O)N[C@@H](Cc1ccccc1)C(=O)N2,CHEMBL5394399,7.3979400086720375,Active
CC[C@H](C)[C@@H]1NC(=O)[C@H](CCCNC(=N)N)NC(=O)[C@@H]2CCCN2C(=O)[C@H](CC(C)C)NC(=O)[C@H](CC(C)C)NC(=O)[C@H](CO)NC(=O)[C@H](CO)NNC(=O)[C@@H]2CSCCC(=O)N3CN(CN(C3)C(=O)CCSC[C@@H](C(=O)N[C@@H](C)C(N)=O)NC(=O)[C@H](Cc3c[nH]cn3)NC1=O)C(=O)CCSC[C@H](NC(=O)[C@H](C)N)C(=O)N[C@@H](C(C)C)C(=O)N[C@@H](CCNC(=N)N)C(=O)N[C@@H](CO)C(=O)N[C@@H](Cc1c[nH]cn1)C(=O)N2,CHEMBL5429801,7.3979400086720375,Active
CC[C@H](C)[C@@H]1NC(=O)[C@H](CCCNC(=N)N)NC(=O)[C@@H]2CCCN2C(=O)[C@H](CC(C)C)NC(=O)[C@H](CC(C)C)NC(=O)[C@H](CO)NC(=O)[C@H](CO)NNC(=O)[C@@H]2CSCCC(=O)N3CN(CN(C3)C(=O)CCSC[C@@H](C(=O)N[C@@H](C)C(N)=O)NC(=O)[C@H](Cc3c[nH]cn3)NC1=O)C(=O)CCSC[C@H](NC(=O)[C@H](C)N)C(=O)N[C@@H]([C@@H](C)O)C(=O)N[C@@H](CCCNC(=N)N)C(=O)N[C@@H](CO)C(=O)N[C@@H](Cc1c[nH]cn1)C(=O)N2,CHEMBL5402703,7.3979400086720375,Active
CC[C@H](C)[C@@H]1NC(=O)[C@H](CCCNC(=N)N)NC(=O)[C@@H]2CCCN2C(=O)[C@H](CC(C)C)NC(=O)[C@H](CC(C)C)NC(=O)[C@H](CO)NC(=O)[C@H](CO)NNC(=O)[C@@H]2CSCCC(=O)N3CN(CN(C3)C(=O)CCSC[C@@H](C(=O)N[C@@H](C)C(N)=O)NC(=O)[C@H](Cc3c[nH]cn3)NC1=O)C(=O)CCSC[C@H](NC(=O)[C@H](C)N)C(=O)N[C@@H]([C@H](C)O)C(=O)N[C@@H](CCCNC(=N)N)C(=O)N[C@@H](CO)C(=O)N[C@@H](Cc1c[nH]cn1)C(=O)N2,CHEMBL5410380,7.3979400086720375,Active
CC[C@H](C)[C@@H]1NC(=O)[C@H](CCCNC(=N)N)NC(=O)[C@@H]2CCCN2C(=O)[C@H](CC(C)C)NC(=O)[C@H](CC(C)C)NC(=O)[C@H](CO)NC(=O)[C@H](CO)NNC(=O)[C@@H]2CSCCC(=O)N3CN(CN(C3)C(=O)CCSC[C@H](N)C(=O)N[C@@H](C(C)C)C(=O)N[C@@H](CCCNC(=N)N)C(=O)N[C@@H](CO)C(=O)N[C@@H](Cc3c[nH]cn3)C(=O)N2)C(=O)CCSC[C@@H](C(N)=O)NC(=O)[C@H](Cc2c[nH]cn2)NC1=O,CHEMBL5433480,7.3979400086720375,Active
CC[C@H](C)[C@@H]1NC(=O)[C@H](CCCNC(=N)N)NC(=O)[C@@H]2CCCN2C(=O)[C@H](CC(C)C)NC(=O)[C@H](CC(C)C)NC(=O)[C@H](CO)NC(=O)[C@H](CO)NNC(=O)[C@@H]2CSCCC(=O)N3CN(CN(C3)C(=O)CCSC[C@H](NC(C)=O)C(=O)N[C@@H](C(C)C)C(=O)N[C@@H](CCCNC(=N)N)C(=O)N[C@@H](CO)C(=O)N[C@@H](Cc3c[nH]cn3)C(=O)N2)C(=O)CCSC[C@@H](C(N)=O)NC(=O)[C@H](Cc2c[nH]cn2)NC1=O,CHEMBL5434946,7.3979400086720375,Active
CC[C@H](C)[C@@H]1NC(=O)[C@H](CCCNC(=N)N)NC(=O)[C@@H]2CCCN2C(=O)[C@H](CC(C)C)NC(=O)[C@H](CC(C)C)NC(=O)[C@H]([C@@H](C)O)NC(=O)[C@H](CO)NNC(=O)[C@@H]2CSCCC(=O)N3CN(CN(C3)C(=O)CCSC[C@@H](C(=O)N[C@@H](C)C(N)=O)NC(=O)[C@H](Cc3c[nH]cn3)NC1=O)C(=O)CCSC[C@H](NC(=O)[C@H](C)N)C(=O)N[C@@H](C(C)C)C(=O)N[C@@H](CCCNC(=N)N)C(=O)N[C@@H](CO)C(=O)N[C@@H](Cc1c[nH]cn1)C(=O)N2,CHEMBL5400018,7.3979400086720375,Active
CC[C@H](C)[C@@H]1NC(=O)[C@H](CCCNC(=N)N)NC(=O)[C@@H]2CSCCC(=O)N3CN(CN(C3)C(=O)CCSC[C@@H](C(=O)N[C@@H](C)C(N)=O)NC(=O)[C@H](CC(C)C)NC(=O)[C@H](CCCCN)NC1=O)C(=O)CCSC[C@H](NC(=O)[C@H](C)N)C(=O)NCC(=O)N[C@@H](CCCNC(=N)N)C(=O)N[C@@H](CCC(=O)O)C(=O)N[C@@H](CCC(=O)O)C(=O)N[C@@H](CC(C)C)C(=O)N1CCC[C@H]1C(=O)N2,CHEMBL5407252,7.3979400086720375,Active
CC[C@H](C)[C@@H]1NC(=O)[C@H](CCCNC(=N)N)NC(=O)[C@@H]2C[C@@H](O)CN2C(=O)[C@H](CC(C)C)NC(=O)[C@H](CC(C)C)NC(=O)[C@H](CO)NC(=O)[C@H](CO)NNC(=O)[C@@H]2CSCCC(=O)N3CN(CN(C3)C(=O)CCSC[C@@H](C(=O)N[C@@H](C)C(N)=O)NC(=O)[C@H](Cc3c[nH]cn3)NC1=O)C(=O)CCSC[C@H](NC(=O)[C@H](C)N)C(=O)N[C@@H](C(C)C)C(=O)N[C@@H](CCCNC(=N)N)C(=O)N[C@@H](CO)C(=O)N[C@@H](Cc1c[nH]cn1)C(=O)N2,CHEMBL5397691,7.3979400086720375,Active
CC[C@H](C)[C@@H]1NC(=O)[C@H](CCCNC(=N)N)NC(=O)[C@@H]2C[C@H](O)CN2C(=O)[C@H](CC(C)C)NC(=O)[C@H](CC(C)C)NC(=O)[C@H](CO)NC(=O)[C@H](CO)NNC(=O)[C@@H]2CSCCC(=O)N3CN(CN(C3)C(=O)CCSC[C@@H](C(=O)N[C@@H](C)C(N)=O)NC(=O)[C@H](Cc3c[nH]cn3)NC1=O)C(=O)CCSC[C@H](NC(=O)[C@H](C)N)C(=O)N[C@@H](C(C)C)C(=O)N[C@@H](CCCNC(=N)N)C(=O)N[C@@H](CO)C(=O)N[C@@H](Cc1c[nH]cn1)C(=O)N2,CHEMBL5415414,7.3979400086720375,Active
CC[C@H](C)[C@@H]1NC(=O)[C@H](CCCNC(=N)N)NC(=O)[C@]2(C)CCCN2C(=O)[C@H](CC(C)C)NC(=O)[C@H](CC(C)C)NC(=O)[C@@H](CC(=O)O)NC(=O)[C@H](CO)NNC(=O)[C@@H]2CSCCC(=O)N3CN(CN(C3)C(=O)CCSC[C@@H](C(=O)N[C@@H](C)C(N)=O)NC(=O)[C@H](Cc3c[nH]cn3)NC1=O)C(=O)CCSC[C@H](NC(=O)[C@H](C)N)C(=O)N[C@@H](C(C)C)C(=O)N[C@@H](CCCNC(=N)N)C(=O)N[C@@H](CO)C(=O)N[C@@H](Cc1c[nH]cn1)C(=O)N2,CHEMBL5424641,7.3979400086720375,Active
CC[C@H](C)[C@H](N)C(=O)N1CCC[C@@H]1C(=O)O,CHEMBL94119,3.889999983714797,Inactive
CC[C@H](C)[C@H](N)C(=O)NCC(=O)O,CHEMBL301979,2.92000000166795,Inactive
CC[C@H](C)[C@H](N)C(=O)N[C@@H](Cc1ccccc1)C(=O)O,CHEMBL91330,3.0300000003708836,Inactive
CC[C@H](C)[C@H](NC(=O)CN)C(=O)O,CHEMBL55433,2.92000000166795,Inactive
CC[C@H](C)[C@H](NC(=O)[C@H](CCC(N)=O)NC(=O)[C@@H]1CCCN1C(=O)[C@H](CCCNC(=N)N)NC(=O)[C@@H]1CCCN1C(=O)[C@H](Cc1c[nH]c2ccccc12)NC(=O)[C@@H]1CCC(=O)N1)C(=O)N1CCC[C@H]1C(=O)N1CCC[C@H]1C(=O)O,CHEMBL408983,6.657577319177793,Active
CC[C@H](C)[C@H](NC(C)=O)C(=O)N[C@@H](CC(C)C)C(=O)N[C@@H](Cc1ccc(O)cc1)P(=O)(O)O,CHEMBL3264009,7.520002580835792,Active
CC[C@H](C)[C@H](NC(C)=O)C(=O)N[C@@H](Cc1ccc(O)cc1)C(=O)N[C@@H](Cc1ccc(O)cc1)P(=O)(O)O,CHEMBL1233799,7.458607314841775,Active
CC[C@H](C)[C@H](NC(C)=O)C(=O)N[C@@H](Cc1ccccc1)C(=O)N[C@@H](Cc1ccc(O)cc1)P(=O)(O)O,CHEMBL3264010,7.605209643917787,Active
CC[C@H](N[C@@H](CCc1ccccc1)C(=O)O)C(=O)N1C(=O)N(Cc2ccccc2)C[C@H]1C(=O)O,CHEMBL100826,8.638272163982407,Active
CC[C@H](N[C@@H](CCc1ccccc1)C(=O)O)C(=O)N1C[C@@H](NC(=O)C[C@H](N)Cc2cc(F)c(F)cc2F)C[C@H]1C(=O)O,CHEMBL4086264,8.065501548756432,Active
CCc1ccc(CSC[C@H](NC(=O)[C@H](C)CS)C(=O)O)cc1,CHEMBL511184,7.6777807052660805,Active
CN1C(=O)/C(=N\C(=S)NCc2cc3ccccc3cc2O)c2ccccc21,CHEMBL4163389,7.651695136951839,Active
CN1C(=O)CC[C@H](NC(=O)[C@@H](S)Cc2ccccc2)C(=O)N1CC(=O)O,CHEMBL304881,7.795880017344075,Active
CN1CCC[C@H](NC(=O)[C@@H](S)Cc2ccccc2)C(=O)N1CC(=O)O,CHEMBL63001,7.795880017344075,Active
CN1CCN(c2cccc3nc(CN(C)[C@H]4CCCc5cccnc54)c(CO)n23)CC1,CHEMBL1242210,6.714442690992226,Active
CNC(=O)[C@H](Cc1c[nH]cn1)NC(=O)CN(CCCc1ccccc1)CC(=O)O,CHEMBL3235416,4.0,Inactive
CN[C@@H](Cc1c[nH]c2ccccc12)C(=O)N[C@@H](CCCN)C(=O)N1CCC[C@H]1C(=O)O,CHEMBL378864,5.0,Inactive
CN[C@H](C(=O)N[C@@H](Cc1ccc(O)cc1)C(=O)N[C@@H](Cc1ccc(O)cc1)P(=O)(O)O)C(C)C,CHEMBL3264008,7.275801448271116,Active
CN[C@H](C(=O)N[C@@H](Cc1ccccc1)C(=O)N[C@@H](Cc1ccc(O)cc1)P(=O)(O)O)C(C)C,CHEMBL3264007,6.443362653767824,Active
COC(=O)[C@@H]1CCCN1C(=O)CCC(=O)C(Cc1ccccc1)NC(=O)c1ccccc1,CHEMBL177394,7.086186147616283,Active
COC(=O)[C@@H]1CCCN1C(=O)[C@@H](Cc1ccccc1)N(C)C(=O)[C@H](C)NC(=O)[C@@H](NC(=O)C[C@H](O)[C@H](CC(C)C)NC(=O)[C@H](CC(N)=O)NC(=O)[C@H](CC(C)C)NC(=O)[C@H](OC(=O)[C@@H](OC(=O)[C@H](C(C)C)N(C)C)C(C)C)C(C)C)[C@@H](C)O,CHEMBL567893,5.0,Inactive
COC(=O)[C@H](CC(C)C)N[C@H]1CCc2ccccc2N(CC(=O)O)C1=O,CHEMBL290328,6.0,Active
COC(=O)c1ccccc1NC(=O)CN(C)C(=O)C1C[C@@H](S)CN1S(=O)(=O)c1ccc2ccccc2c1,CHEMBL177000,4.436518914605589,Inactive
COc1cc2c(cc1OC)CN(C(=O)C(C)NC(CCc1ccccc1)C(=O)O)C(C(=O)O)C2,CHEMBL58042,8.522878745280337,Active
COc1cc2c(cc1OC)CN(C(=O)[C@H](C)N[C@@H](CCc1ccccc1)C(=O)O)[C@H](C(=O)O)C2,CHEMBL1201405,8.522878745280337,Active
COc1ccc(CC(NC(=O)c2ccccc2)C(=O)CCC(=O)N2CCC[C@H]2C(=O)O)cc1OC,CHEMBL173849,8.853871964321762,Active
COc1ccc(CN2C(=O)/C(=N\C(=S)NCc3cc4ccccc4cc3O)c3ccccc32)cc1,CHEMBL4174072,8.11690664142431,Active
COc1ccc(CSC[C@@H](NC(=O)[C@H](CS)Cc2ccccc2)C(=O)O)cc1,CHEMBL310200,6.5376020021010435,Active
COc1ccc(CSC[C@H](NC(=O)[C@H](C)CS)C(=O)O)cc1,CHEMBL511344,7.0,Active
COc1ccc(N2C(=O)/C(=N/C(=S)NCc3cc4ccccc4cc3O)c3ccccc32)cc1,CHEMBL4175518,8.00788851221305,Active
COc1ccccc1C[C@H](NCP(=O)(O)O)C(=O)N[C@@H](Cc1ccc(-c2ccccc2)cc1)C(=O)O,CHEMBL93785,6.795880017344075,Active
CS(=O)(=O)N[C@@H](CCCCN)C(=O)N[C@@H](Cc1ccccc1)P(=O)(O)CC1(C(=O)N[C@@H](Cc2c[nH]c3ccccc23)C(=O)O)CCCC1,CHEMBL43370,8.602059991327963,Active
CSCC[C@@H]1NC(=O)[C@H](CC(C)C)NC(=O)[C@H]([C@@H](C)O)NC(=O)[C@H](Cc2c[nH]cn2)NC(=O)[C@@H]2CSCCC(=O)N3CN(CN(C3)C(=O)CCSC[C@@H](C(=O)N[C@@H](C)C(N)=O)NC(=O)[C@H](CC(C)C)NC(=O)[C@H](Cc3c[nH]cn3)NC(=O)[C@H](CCCNC(=N)N)NC(=O)[C@@H]3CCCN3C1=O)C(=O)CCSC[C@H](NC(=O)[C@H](C)N)C(=O)NCC(=O)N[C@@H](CCCNC(=N)N)C(=O)N[C@@H](CCC(N)=O)C(=O)N[C@@H](Cc1ccccc1)C(=O)N2,CHEMBL5403774,7.657577319177793,Active
CSCC[C@H](N)C(=O)NCC(=O)O,CHEMBL90972,2.3200000002927523,Inactive
CSCC[C@H](NC(=O)CN)C(=O)O,CHEMBL330552,2.850000001421298,Inactive
CSCC[C@H](N[C@H]1CCc2ccccc2N(CC(=O)O)C1=O)C(=O)O,CHEMBL416979,8.187086643357144,Active
CSc1ccc(-c2ccc(S(=O)(=O)N[C@@H](C(=O)O)C(C)C)cc2)cc1,CHEMBL440921,6.0,Active
CSc1ccc(-n2nnc(-c3ccc(S(=O)(=O)N[C@@H](C(=O)O)C(C)C)cc3)n2)cc1,CHEMBL160153,6.0,Active
CSc1ccc(CSC[C@H](NC(=O)[C@H](C)CS)C(=O)O)cc1,CHEMBL511849,6.522878745280337,Active
CSc1ccc(CS[C@H]2CC[C@@H](C(=O)O)N2C(=O)[C@H](C)CS)cc1,CHEMBL525967,8.387216143280265,Active
C[C@@H](CS)C(=O)N1c2ccccc2C[C@H]1C(=O)O,CHEMBL611148,8.431798275933005,Active
C[C@@H](C[Si](O)(O)[C@@H](Cc1ccccc1)NC(=O)c1ccccc1)C(=O)N1CCC[C@H]1C(=O)O,CHEMBL328814,7.142667503568731,Active
C[C@@H](NC(=O)[C@H](Cc1ccccc1)NC(=O)c1ccccc1)C(=O)N1CCC[C@H]1C(=O)O,CHEMBL131552,8.494850021680094,Active
C[C@@H](O)[C@H](NC(=O)CN)C(=O)O,CHEMBL420983,2.240000000254458,Inactive
C[C@@H]1Oc2ccccc2N(CC(=O)O)C(=O)[C@H]1NC(=O)[C@@H](S)Cc1ccccc1,CHEMBL50559,7.443697499232712,Active
C[C@H](CC(=O)[C@H](Cc1ccccc1)NC(=O)c1ccccc1)C(=O)N1CCC[C@H]1C(=O)O,CHEMBL95564,9.0,Active
C[C@H](CS)C(=O)N1C(=O)CC[C@H]1C(=O)O,CHEMBL311525,8.045757490560675,Active
C[C@H](CS)C(=O)N1CCCC1C(=O)O,CHEMBL162360,7.638272163982407,Active
C[C@H](CS)C(=O)N1CCC[C@H]1C(=O)O,CHEMBL1560,7.7084256391189365,Active
C[C@H](CS)C(=O)N1CCS[C@H]1C(=O)O,CHEMBL5272875,6.0800019690359814,Active
C[C@H](CS)C(=O)N1CSC[C@H]1C(=O)O,CHEMBL445830,6.429994423238211,Active
C[C@H](CS)C(=O)N1C[C@@H](NC(=O)C(CS)Cc2ccc(-c3ccccc3)cc2)C[C@H]1C(=O)O,CHEMBL89547,6.157390760389438,Active
C[C@H](CS)C(=O)N1C[C@@H](NC(=O)C(CS)Cc2ccccc2)C[C@H]1C(=O)O,CHEMBL328327,7.060480747381382,Active
C[C@H](CS)C(=O)N1C[C@@H](NC(=O)NC(CS)Cc2ccccc2)C[C@H]1C(=O)O,CHEMBL330316,6.8326826652518236,Active
C[C@H](CS)C(=O)N1C[C@H](NC(=O)C(CS)Cc2ccccc2)C[C@H]1C(=O)O,CHEMBL91623,7.7447274948966935,Active
C[C@H](CS)C(=O)N1C[Si](C)(C)C[C@H]1C(=O)O,CHEMBL4248427,7.366531544420414,Active
C[C@H](CS)C(=O)N1Cc2[nH]c3ccccc3c2CC1C(=O)O,CHEMBL148616,6.301029995663981,Active
C[C@H](CS)C(=O)N1Cc2ccccc2C[C@H]1C(=O)O,CHEMBL79189,7.7447274948966935,Active
C[C@H](CS)C(=O)N1[C@@H](SCCCc2ccccc2)CC[C@H]1C(=O)O,CHEMBL443353,10.0,Active
C[C@H](CS)C(=O)N1[C@@H](SCCc2ccccc2)CC[C@H]1C(=O)O,CHEMBL526298,9.744727494896694,Active
C[C@H](CS)C(=O)N1[C@@H](SCc2ccc(C(C)(C)C)cc2)CC[C@H]1C(=O)O,CHEMBL500409,6.3872161432802645,Active
C[C@H](CS)C(=O)N1[C@@H](SCc2ccc(C3CCCCC3)cc2)CC[C@H]1C(=O)O,CHEMBL502817,6.552841968657781,Active
C[C@H](CS)C(=O)N1[C@@H](SCc2ccc3ccccc3c2)CC[C@H]1C(=O)O,CHEMBL499610,8.3767507096021,Active
C[C@H](CS)C(=O)N1[C@@H](SCc2cccc3ccccc23)CC[C@H]1C(=O)O,CHEMBL526896,8.494850021680094,Active
C[C@H](CS)C(=O)N1[C@@H](SCc2ccccc2)CC[C@H]1C(=O)O,CHEMBL498798,8.619788758288394,Active
C[C@H](CS)C(=O)N1c2ccccc2CC[C@H]1C(=O)O,CHEMBL5275273,7.6020599913279625,Active
C[C@H](CS)C(=O)N1c2ccccc2C[C@H]1C(=O)O,CHEMBL75752,8.585026652029182,Active
C[C@H](CS)C(=O)N[C@@H](CSC(c1ccccc1)c1ccc(C2CCCCC2)cc1)C(=O)O,CHEMBL456044,5.0,Inactive
C[C@H](CS)C(=O)N[C@@H](CSCc1ccc(-c2ccccc2)cc1)C(=O)O,CHEMBL463520,6.552841968657781,Active
C[C@H](CS)C(=O)N[C@@H](CSCc1ccc(Br)cc1)C(=O)O,CHEMBL513671,6.552841968657781,Active
C[C@H](CS)C(=O)N[C@@H](CSCc1ccc(C#N)cc1)C(=O)O,CHEMBL457796,6.522878745280337,Active
C[C@H](CS)C(=O)N[C@@H](CSCc1ccc(C(C)(C)C)cc1)C(=O)O,CHEMBL463320,6.886056647693163,Active
C[C@H](CS)C(=O)N[C@@H](CSCc1ccc(C(F)(F)F)cc1)C(=O)O,CHEMBL459961,6.468521082957745,Active
C[C@H](CS)C(=O)N[C@@H](CSCc1ccc(Cl)cc1)C(=O)O,CHEMBL444474,6.6020599913279625,Active
C[C@H](CS)C(=O)N[C@@H](CSCc1ccc(F)cc1)C(=O)O,CHEMBL467755,7.0,Active
C[C@H](CS)C(=O)N[C@@H](CSCc1ccc(I)cc1)C(=O)O,CHEMBL459959,6.853871964321762,Active
C[C@H](CS)C(=O)N[C@@H](CSCc1ccc(N(C)C)cc1)C(=O)O,CHEMBL457317,6.2839966563652006,Active
C[C@H](CS)C(=O)N[C@@H](CSCc1ccc(OC(F)(F)F)cc1)C(=O)O,CHEMBL515834,6.585026652029182,Active
C[C@H](CS)C(=O)N[C@@H](CSCc1ccc(Oc2ccccc2)cc1)C(=O)O,CHEMBL514268,6.431798275933005,Active
C[C@H](CS)C(=O)N[C@@H](CSCc1ccc(S(C)(=O)=O)cc1)C(=O)O,CHEMBL458237,6.522878745280337,Active
C[C@H](CS)C(=O)N[C@@H](CSCc1ccc([N+](=O)[O-])cc1)C(=O)O,CHEMBL456278,6.494850021680094,Active
C[C@H](CS)C(=O)N[C@@H](CSCc1ccccc1)C(=O)O,CHEMBL451209,7.468521082957745,Active
C[C@H](CSC(=O)c1ccccc1)C(=O)N1C[C@@H](Sc2ccccc2)C[C@H]1C(=O)O,CHEMBL331378,9.397940008672037,Active
C[C@H](C[C@@H](Cc1ccc(-c2ccccc2)cc1)NC(=O)CCC(=O)O)C(=O)O,CHEMBL417007,4.0,Inactive
C[C@H](C[Si](O)(O)[C@H](Cc1ccccc1)NC(=O)c1ccccc1)C(=O)N1CCC[C@H]1C(=O)O,CHEMBL2097001,8.42021640338319,Active
C[C@H](N)C(=O)N1C(=O)N(C)C[C@H]1C(=O)O,CHEMBL102044,5.0,Inactive
C[C@H](N)C(=O)N1CCC[C@@H]1C(=O)O,CHEMBL327608,3.6399999910458836,Inactive
C[C@H](N)C(=O)N1CCC[C@H]1C(=O)O,CHEMBL414828,4.167679012221937,Inactive
C[C@H](N)C(=O)NCC(=O)O,CHEMBL94250,2.6000000002609998,Inactive
C[C@H](N)C(=O)N[C@@H](C)C(=O)O,CHEMBL17697,3.2100000013111223,Inactive
C[C@H](N)C(=O)N[C@@H](Cc1c[nH]c2ccccc12)C(=O)O,CHEMBL91792,5.0,Inactive
C[C@H](N)C(=O)N[C@@H](Cc1ccc(O)cc1)C(=O)O,CHEMBL94016,4.059999994991732,Inactive
C[C@H](N)C(=O)N[C@@H](Cc1ccccc1)C(=O)O,CHEMBL57338,3.720000004094201,Inactive
C[C@H](N)C(=O)N[C@H]1CSCCC(=O)N2CN3CN(C2)C(=O)CCSC[C@H](NC(=O)[C@H](CCCNC(=N)N)NC(=O)[C@@H]2CCCN2C(=O)[C@H](Cc2ccccc2)NC(=O)[C@H](CC(=O)O)NC(=O)[C@H](CCCNC(=N)N)NC(=O)[C@H](Cc2c[nH]cn2)NC1=O)C(=O)N[C@@H]([C@@H](C)O)C(=O)N[C@@H](Cc1c[nH]c2ccccc12)C(=O)N[C@@H](CCC(=O)O)C(=O)N[C@@H]([C@@H](C)O)C(=O)N[C@@H](CCC(N)=O)C(=O)N[C@@H](Cc1c[nH]c2ccccc12)C(=O)N[C@H](C(=O)N[C@@H](C)C(N)=O)CSCCC3=O,CHEMBL5420202,7.481486060122112,Active
C[C@H](NC(=O)CCc1ccccc1)C(=O)N1CCC[C@H]1C(=O)O,CHEMBL2370859,3.4814860601221125,Inactive
C[C@H](NC(=O)CN)C(=O)O,CHEMBL91241,2.7000000010815404,Inactive
C[C@H](NC(=O)[C@@H](CS)Cc1ccccc1)C(=O)N1CCC[C@H]1C(=O)O,CHEMBL299181,8.397940008672037,Active
C[C@H](NC(=O)[C@@H](CS)Cc1ccccc1)C(=O)N1Cc2ccccc2C[C@H]1C(=O)O,CHEMBL49920,7.853871964321762,Active
C[C@H](NC(=O)[C@@H](CS)Cc1ccccc1)C(=O)N1c2ccccc2C[C@H]1C(=O)O,CHEMBL50582,8.10790539730952,Active
C[C@H](NC(=O)[C@@H](N)CC(=O)O)C(=O)O,CHEMBL17503,2.4200000003661803,Inactive
C[C@H](NC(=O)[C@@H](N)CCC(=O)O)C(=O)O,CHEMBL90074,2.0,Inactive
C[C@H](NC(=O)[C@@H](N)CCCCN)C(=O)O,CHEMBL93178,3.419999995796937,Inactive
C[C@H](NC(=O)[C@@H](N)CCCN=C(N)N)C(=O)N1CCC[C@@H]1C(=O)O,CHEMBL129432,4.795880017344075,Inactive
C[C@H](NC(=O)[C@@H](N)CCCN=C(N)N)C(=O)O,CHEMBL328471,3.33999999963408,Inactive
C[C@H](NC(=O)[C@@H](N)Cc1ccc(O)cc1)C(=O)O,CHEMBL316103,3.33999999963408,Inactive
C[C@H](NC(=O)[C@@H](S)Cc1ccccc1)C(=O)N(CC(=O)O)c1ccccc1,CHEMBL300016,7.853871964321762,Active
C[C@H](NC(=O)[C@@H](S)Cc1ccccc1)C(=O)N1CCC[C@H]1C(=O)O,CHEMBL287896,7.522878745280337,Active
C[C@H](NC(=O)[C@H](Cc1c[nH]c2ccccc12)NC(=O)[C@H](CCCCN)NC(=O)[C@@H](N)CCC(=O)O)C(=O)N1CCC[C@H]1C(=O)O,CHEMBL327401,7.221848749616356,Active
C[C@H](NC(=O)[C@H](Cc1c[nH]c2ccccc12)NC(=O)[C@H](CCCCN)NC(=O)[C@@H]1CCC(=O)N1)C(=O)N1CCC[C@H]1C(=O)O,CHEMBL264538,6.136677139879544,Active
C[C@H](NC(=O)[C@H](Cc1ccccc1)NC(=O)OCc1ccccc1)C(=O)CF,CHEMBL2402203,4.0,Inactive
C[C@H](NC(=O)[C@H](Cc1ccccc1)NC(=O)[C@H](CCCCN)NC(=O)[C@@H]1CCC(=O)N1)C(=O)N1CCC[C@H]1C(=O)O,CHEMBL2370850,7.301029995663981,Active
C[C@H](NC(CCc1ccccc1)P(=O)(O)O)C(=O)N1[C@H](C(=O)O)C[C@@H]2CCCC[C@@H]21,CHEMBL2442647,7.3979400086720375,Active
C[C@H](NC(CNC(=O)c1ccccc1)C(=O)O)C(=O)N1CCC[C@H]1C(=O)O,CHEMBL2111941,7.3979400086720375,Active
C[C@H](NCP(=O)(O)O)C(=O)N[C@@H](Cc1ccc(-c2ccccc2)cc1)C(=O)O,CHEMBL91218,6.180456064458132,Active
C[C@H](N[C@@H](CCc1ccccc1)C(=O)O)C(=O)N1C(=O)N(C)C[C@H]1C(=O)O,CHEMBL99701,8.769551078621726,Active
C[C@H](N[C@@H](CCc1ccccc1)C(=O)O)C(=O)N1C(=O)N(Cc2ccccc2)C[C@H]1C(=O)O,CHEMBL100413,8.769551078621726,Active
C[C@H](N[C@@H](CCc1ccccc1)C(=O)O)C(=O)N1C(=O)NC[C@H]1C(=O)O,CHEMBL431052,8.455931955649724,Active
C[C@H](N[C@@H](CCc1ccccc1)C(=O)O)C(=O)N1C2CCCCC2C[C@H]1C(=O)O,CHEMBL2079670,6.585026652029182,Active
C[C@H](N[C@@H](CCc1ccccc1)C(=O)O)C(=O)N1CC2(C[C@H]1C(=O)O)SCCS2,CHEMBL579,9.096910013008056,Active
C[C@H](N[C@@H](CCc1ccccc1)C(=O)O)C(=O)N1CCC[C@H]1C(=O)O,CHEMBL577,8.483590335554476,Active
C[C@H](N[C@@H](CCc1ccccc1)C(=O)O)C(=O)N1CCc2ccccc2[C@H]1C(=O)O,CHEMBL5287967,8.236572006437063,Active
C[C@H](N[C@@H](CCc1ccccc1)C(=O)O)C(=O)N1C[C@@H](NC(=O)C(CS)Cc2ccccc2)C[C@H]1C(=O)O,CHEMBL312918,7.376750709602099,Active
C[C@H](N[C@@H](CCc1ccccc1)C(=O)O)C(=O)N1C[C@@H](NC(=O)C[C@H](N)Cc2cc(F)c(F)cc2F)C[C@H]1C(=O)O,CHEMBL4067185,6.801342913045577,Active
C[C@H](N[C@@H](CCc1ccccc1)C(=O)O)C(=O)N1C[C@@H](NC(=O)NC(CS)Cc2ccccc2)C[C@H]1C(=O)O,CHEMBL329801,7.366531544420414,Active
C[C@H](N[C@@H](CCc1ccccc1)C(=O)O)C(=O)N1C[C@H](NC(=O)C(CS)Cc2ccccc2)C[C@H]1C(=O)O,CHEMBL88328,6.5968794788241825,Active
C[C@H](N[C@@H](CCc1ccccc1)C(=O)O)C(=O)N1C[C@H](OC(=O)NC(CS)Cc2ccccc2)C[C@H]1C(=O)O,CHEMBL422419,6.295849483160201,Active
C[C@H](N[C@@H](CCc1ccccc1)C(=O)O)C(=O)N1Cc2ccccc2C[C@H]1C(=O)O,CHEMBL1733,8.049031977018597,Active
C[C@H](N[C@@H](CCc1ccccc1)C(=O)O)C(=O)N1Cc2ccccc2[C@H]1C(=O)O,CHEMBL5267769,7.356547323513812,Active
C[C@H](N[C@@H](CNC(=O)c1ccccc1)C(=O)O)C(=O)N1CCC[C@H]1C(=O)O,CHEMBL2112767,7.769551078621726,Active
C[C@H](N[C@@H](C[C@H](Cc1ccccc1)NC(=O)c1ccccc1)C(=O)O)C(=O)N1CCC[C@H]1C(=O)O,CHEMBL2112768,8.522878745280337,Active
C[C@H](N[C@@H](Cc1ccccc1)C(=O)N[C@@H](Cc1ccc(-c2ccccc2)cc1)C(=O)O)P(=O)(O)O,CHEMBL92126,7.356547323513812,Active
C[C@H](N[C@@H](Cc1ccccc1)C(=O)O)C(=O)N1C(=O)N(Cc2ccccc2)C[C@H]1C(=O)O,CHEMBL101409,7.958607314841775,Active
C[C@H](N[C@H](C(=O)O)[C@@H]1CCCN1)C(=O)N1CCC[C@H]1C(=O)O,CHEMBL3037879,6.154901959985743,Active
C[C@H](N[C@H](C(=O)O)[C@H](Cc1ccccc1)NC(=O)c1ccccc1)C(=O)N1CCC[C@H]1C(=O)O,CHEMBL2112769,8.113509274827518,Active
C[C@H](N[C@H](C[C@H](Cc1ccccc1)NC(=O)c1ccccc1)C(=O)O)C(=O)N1CCC[C@H]1C(=O)O,CHEMBL2111940,8.318758762624412,Active
C[C@H](N[C@](C)(CCc1ccccc1)C(=O)O)C(=O)N1CCC[C@H]1C(=O)O,CHEMBL2304318,8.920818753952375,Active
C[C@H](O)[C@H](N)C(=O)NCC(=O)O,CHEMBL328594,2.0,Inactive
C[C@H](O)[C@H](NCP(=O)(O)O)C(=O)N[C@@H](Cc1ccc(-c2ccccc2)cc1)C(=O)O,CHEMBL327799,6.1771783546968955,Active
C[C@H](OCc1ccccc1)[C@H](NCP(=O)(O)O)C(=O)N[C@@H](Cc1ccc(-c2ccccc2)cc1)C(=O)O,CHEMBL366503,6.1830961606243395,Active
C[C@H](S)C(=O)N[C@H]1CCc2ccccc2N(CC(=O)O)C1=O,CHEMBL50480,7.619788758288394,Active
C[C@H](c1ccccc1)[C@H](NCP(=O)(O)O)C(=O)N[C@@H](Cc1ccc(-c2ccccc2)cc1)C(=O)O,CHEMBL329530,6.860120913598763,Active
C[C@H]1Oc2ccccc2N(CC(=O)O)C(=O)[C@H]1NC(=O)[C@@H](S)Cc1ccccc1,CHEMBL53879,7.886056647693163,Active
C[C@H]1Oc2ccccc2N(CCC(=O)O)C(=O)[C@H]1NC(=O)[C@@H](S)Cc1ccccc1,CHEMBL52733,7.7447274948966935,Active
Cc1ccc(-c2ccc(S(=O)(=O)N[C@H](Cc3c[nH]c4ccccc34)C(=O)O)s2)cc1,CHEMBL345200,6.0,Active
Cc1ccc(C#Cc2ccc(S(=O)(=O)N[C@H](Cc3c[nH]c4ccccc34)C(=O)O)s2)cc1,CHEMBL297792,6.0,Active
Cc1ccc(C(=O)N2C(=O)/C(=N\C(=S)NCc3cc4ccccc4cc3O)c3ccccc32)cc1,CHEMBL4166152,7.615825861192967,Active
Cc1ccc(CSC[C@@H](NC(=O)[C@@H](CS)Cc2ccccc2)C(=O)O)cc1C,CHEMBL80055,6.337242168318426,Active
Cc1ccc(CSC[C@H](NC(=O)[C@H](C)CS)C(=O)O)cc1,CHEMBL459960,6.619788758288394,Active
Cc1ccc(S(=O)(=O)N(C)NC(=O)C2C[C@@H](S)CN2S(=O)(=O)c2ccc3ccccc3c2)cc1,CHEMBL425383,4.835647144215563,Inactive
Cc1ccc(S(=O)(=O)N[C@@H](Cc2ccccc2)C(=O)NCC(=O)N2CCC[C@H]2C(=O)O)cc1,CHEMBL29031,4.173925197299173,Inactive
Cc1cccc(CS[C@H]2CC[C@@H](C(=O)O)N2C(=O)[C@H](C)CS)c1,CHEMBL499612,9.045757490560675,Active
Cc1ccccc1C(=O)NC(Cc1ccccc1)C(=O)CCC(=O)N1CCC[C@H]1C(=O)O,CHEMBL173376,7.337242168318426,Active
Cc1ccccc1CS[C@H]1CC[C@@H](C(=O)O)N1C(=O)[C@H](C)CS,CHEMBL500408,8.638272163982407,Active
Cc1ccccc1C[C@H](NCP(=O)(O)O)C(=O)N[C@@H](Cc1ccc(-c2ccccc2)cc1)C(=O)O,CHEMBL91399,6.302770657240282,Active
Cc1oc(C)c(S(N)(=O)=O)c1C(=O)O,CHEMBL5402781,3.0,Inactive
Cl.NC(Cc1ccccc1)C(=O)CCC(=O)N1CCC[C@H]1C(=O)O,CHEMBL556775,4.6020599913279625,Inactive
N=C(N)NCCC[C@H](NC(=O)C1CSSC1)C(=O)O,CHEMBL3581908,3.94692155651658,Inactive
N=C(N)NCCC[C@H](NC(=O)[C@@H](N)Cc1ccccc1)C(=O)O,CHEMBL291636,3.0399999996932876,Inactive
NC(=O)CC[C@H](N)C(=O)NCC(=O)O,CHEMBL90670,2.1300000001762918,Inactive
NC(=O)[C@@H]1CCCN1C(=O)CCC(=O)C(Cc1ccccc1)NC(=O)c1ccccc1,CHEMBL368640,6.823908740944319,Active
NC(N)=NCCC[C@H](N)C(=O)N1CCC[C@@H]1C(=O)O,CHEMBL90575,3.739999990121752,Inactive
NC(N)=NCCC[C@H](N)C(=O)N[C@@H](Cc1c[nH]c2ccccc12)C(=O)O,CHEMBL91160,4.800000052738446,Inactive
NC(N)=NCCC[C@H](N)C(=O)N[C@@H](Cc1ccccc1)C(=O)O,CHEMBL92255,3.6399999910458836,Inactive
NC1CCCCCN(CC(=O)O)C1=O,CHEMBL84966,3.3565473235138126,Inactive
NC1CCCCN(CC(=O)O)C1=O,CHEMBL316374,3.318758762624413,Inactive
NC1CCCN(CC(=O)O)C1=O,CHEMBL314707,2.769551078621726,Inactive
NCC(=O)N1CCC[C@H]1C(=O)O,CHEMBL80548,3.3500000020913046,Inactive
NCC(=O)NCC(=O)O,CHEMBL292467,2.140000000044956,Inactive
NCC(=O)N[C@@H](CC(=O)O)C(=O)O,CHEMBL91392,2.0400000001694822,Inactive
NCC(=O)N[C@@H](CCC(=O)O)C(=O)O,CHEMBL314532,2.2700000002994214,Inactive
NCC(=O)N[C@@H](CCC(N)=O)C(=O)O,CHEMBL330038,2.1500000002356523,Inactive
NCC(=O)N[C@@H](CCCN=C(N)N)C(=O)O,CHEMBL96806,2.4899999999055544,Inactive
NCC(=O)N[C@@H](CO)C(=O)O,CHEMBL90973,2.4200000003661803,Inactive
NCC(=O)N[C@@H](Cc1c[nH]c2ccccc12)C(=O)O,CHEMBL299759,4.519999959791458,Inactive
NCC(=O)N[C@@H](Cc1ccc(O)cc1)C(=O)O,CHEMBL53400,3.6800000064135183,Inactive
NCC(=O)N[C@@H](Cc1ccccc1)C(=O)O,CHEMBL299889,3.2000000030837636,Inactive
NCC(=O)N[C@@H](Cc1cnc[nH]1)C(=O)O,CHEMBL93127,2.5100000003532474,Inactive
NCCCCC(NC(=O)C1CCC1)C(=O)NC(Cc1ccccc1)C(=O)CCC(=O)N1CCCC1C(=O)NO.O=C(O)C(F)(F)F,CHEMBL275702,7.958607314841775,Active
NCCCCC(NC(=O)C1CCC1)C(=O)NC(Cc1ccccc1)C(=O)CCC(=O)N1CCCC1C(=O)O.O=C(O)C(F)(F)F,CHEMBL274550,8.137044183852476,Active
NCCCCC(NC(CCc1ccccc1)C(=O)O)C(=O)N1CCCC1C(=O)O,CHEMBL105890,8.400007822415901,Active
NCCCC[C@H](N)C(=O)NCC(=O)O,CHEMBL91561,2.4899999999055544,Inactive
NCCCC[C@H](NC(=O)CN)C(=O)O,CHEMBL420061,2.2700000002994214,Inactive
NCCCC[C@H](N[C@@H](CCc1ccccc1)C(=O)O)C(=O)N1CC2(C[C@H]1C(=O)O)SCCS2,CHEMBL295690,9.301029995663981,Active
NCCCC[C@H](N[C@@H](CCc1ccccc1)C(=O)O)C(=O)N1CCC[C@H]1C(=O)O,CHEMBL1237,9.14895415279149,Active
NCCCC[C@H](N[C@H]1CCc2ccccc2N(CC(=O)O)C1=O)C(=O)O,CHEMBL430554,8.154901959985743,Active
NCCC[C@H](NC(=O)CCc1nc2ccccc2[nH]1)C(=O)N1CCC[C@H]1C(=O)O,CHEMBL204944,5.0,Inactive
NCCC[C@H](NC(=O)[C@@H](N)Cc1ccsc1)C(=O)N1CCC[C@H]1C(=O)O,CHEMBL383507,6.221848749616356,Active
N[C@@H](CC(=O)N1CCn2c(nnc2C(F)(F)F)C1)Cc1cc(F)c(F)cc1F,CHEMBL1422,4.958607314841775,Inactive
N[C@@H](CC(=O)O)C(=O)NCC(=O)O,CHEMBL421171,1.8499999998840133,Inactive
N[C@@H](CCC(=O)O)C(=O)NCC(=O)O,CHEMBL421361,2.0,Inactive
N[C@@H](CCN[C@@H](CCN1CC[C@H]1C(=O)O)C(=O)O)C(=O)O,CHEMBL3581907,4.728158393463501,Inactive
N[C@@H](CO)C(=O)NCC(=O)O,CHEMBL90610,2.070000000103263,Inactive
N[C@@H](Cc1c[nH]c2ccccc12)C(=O)NCC(=O)O,CHEMBL327588,2.2300000002622604,Inactive
N[C@@H](Cc1c[nH]cn1)C(=O)NCC(=O)O,CHEMBL90452,2.200000000330522,Inactive
N[C@@H](Cc1ccc(O)cc1)C(=O)NCC(=O)O,CHEMBL89956,2.7000000010815404,Inactive
N[C@@H](Cc1ccc(O)cc1)P(=O)(O)O,CHEMBL3264357,6.0,Active
N[C@@H](Cc1ccccc1)C(=O)N1CCC[C@H]1C(=O)N1CCC[C@@H]1C(=O)O,CHEMBL338446,4.107905397309519,Inactive
N[C@@H](Cc1ccccc1)C(=O)NCC(=O)N1CCC[C@H]1C(=O)O,CHEMBL27560,4.698970004336019,Inactive
O=C(/C=C\S)C1CC[C@@H](C(=O)O)C1,CHEMBL128223,6.187086643357144,Active
O=C(CC(S)C(F)(F)F)NC(Cc1c[nH]c2ccccc12)C(=O)O,CHEMBL551622,6.3979400086720375,Active
O=C(CC(S)C(F)(F)F)NC(Cc1ccc(F)cc1)C(=O)O,CHEMBL551145,6.522878745280337,Active
O=C(CC(S)C(F)(F)F)NC(Cc1ccc(O)cc1)C(=O)O,CHEMBL540674,6.795880017344075,Active
O=C(CC(S)C(F)(F)F)NC(Cc1ccccc1)C(=O)NC(Cc1ccc(O)cc1)C(=O)O,CHEMBL560409,6.552841968657781,Active
O=C(CC(S)C(F)(F)F)NC(Cc1ccccc1)C(=O)O,CHEMBL560685,6.080921907623926,Active
O=C(CCC(=O)C(Cc1ccccc1)NC(=O)c1ccccc1)NC(Cc1ccccc1)C(=O)OCc1ccccc1,CHEMBL369590,6.7447274948966935,Active
O=C(CCC(=O)C(Cc1ccccc1)NC(=O)c1ccccc1)N[C@H](Cc1ccccc1)C(=O)O,CHEMBL366455,7.552841968657781,Active
O=C(CCC(=O)N1CCCC1C(=O)O)CCc1ccccc1,CHEMBL139523,2.585026652029182,Inactive
O=C(CCC(=O)N1CCCC1C(=O)O)NO,CHEMBL291381,4.301029995663981,Inactive
O=C(CCC(=O)N1CCC[C@H]1C(=O)O)C(Cc1ccccc1)NC(=O)C1CCCO1,CHEMBL368784,7.698970004336019,Active
O=C(CF)CNC(=O)[C@H](Cc1ccccc1)NC(=O)c1cccc2ccccc12,CHEMBL4520267,4.0,Inactive
O=C(CF)CNC(=O)[C@H](Cc1ccccc1)NC(=O)c1ccccc1,CHEMBL4590201,4.0,Inactive
O=C(CN1Cc2c(Cl)cccc2NC1=O)NO,CHEMBL298647,4.045757490560675,Inactive
O=C(CN1Cc2c(Cl)cccc2NS1(=O)=O)NO,CHEMBL299946,4.0,Inactive
O=C(NC(Cc1ccc(O)cc1)C(=O)CCC(=O)N1CCC[C@H]1C(=O)O)c1ccccc1,CHEMBL173822,8.327902142064282,Active
O=C(NC(Cc1ccc(OCc2ccccc2)cc1)C(=O)CCC(=O)N1CCC[C@H]1C(=O)O)c1ccccc1,CHEMBL172801,8.0,Active
O=C(NC(Cc1ccc(OCc2ccccc2)cc1)C(=O)CCC(=O)N1CCC[C@H]1C(=O)OCc1ccccc1)c1ccccc1,CHEMBL172356,7.0655015487564325,Active
O=C(NC(Cc1ccccc1)C(=O)CCC(=O)N1CC(O)C[C@H]1C(=O)O)c1ccccc1,CHEMBL172600,6.267606240177032,Active
O=C(NC(Cc1ccccc1)C(=O)CCC(=O)N1CCCC1C(=O)O)c1ccccc1,CHEMBL10465,8.0,Active
O=C(NC(Cc1ccccc1)C(=O)CCC(=O)N1CCCC1P(=O)(O)O)c1ccccc1,CHEMBL10690,4.0,Inactive
O=C(NC(Cc1ccccc1)C(=O)CCC(=O)N1CCCC1c1nn[nH]n1)c1ccccc1,CHEMBL10973,4.657577319177793,Inactive
O=C(NC(Cc1ccccc1)C(=O)CCC(=O)N1CCC[C@H]1C(=O)O)OCc1ccccc1,CHEMBL176970,6.619788758288394,Active
O=C(NC(Cc1ccccc1)C(=O)CCC(=O)N1CCC[C@H]1C(=O)O)c1ccccc1,CHEMBL416147,7.154901959985743,Active
O=C(NC(Cc1ccccc1)C(=O)CCC(=O)N1CCC[C@H]1C(=O)O)c1ccco1,CHEMBL172262,8.853871964321762,Active
O=C(NC(Cc1ccccc1)C(=O)CCCC(=O)N1CCC[C@H]1C(=O)O)c1ccccc1,CHEMBL172783,7.376750709602099,Active
O=C(NC(Cc1cccnc1)C(=O)CCC(=O)N1CCC[C@H]1C(=O)O)c1ccccc1,CHEMBL176688,8.244125144327509,Active
O=C(NC(Cc1cccnc1)C(=O)CCC(=O)N1CCC[C@H]1C(=O)OCc1ccccc1)c1ccccc1,CHEMBL172015,7.823908740944319,Active
O=C(NC1CCC[C@H]2CCC[C@@H](C(=O)O)N2C1=O)[C@@H](S)Cc1ccccc1,CHEMBL325056,8.301029995663981,Active
O=C(NNC(=S)Nc1ccc(Cl)c(Cl)c1)c1ccccc1O,CHEMBL4476621,9.154901959985743,Active
O=C(N[C@@H](CCc1ccccc1)CP(=O)(O)CC(=O)N1CCC[C@H]1C(=O)O)c1ccccc1,CHEMBL2153745,7.920818753952375,Active
O=C(N[C@@H](Cc1ccccc1)C(=O)CCC(=O)N1CCC[C@H]1C(=O)O)c1ccccc1,CHEMBL435360,7.681368173900989,Active
O=C(N[C@H]1CCC(=O)N2CCC[C@@H](C(=O)O)N2C1=O)[C@@H](S)Cc1ccccc1,CHEMBL66481,8.154901959985743,Active
O=C(N[C@H]1CCC(=O)N2CC[C@@H](C(=O)O)N2C1=O)[C@@H](S)Cc1ccccc1,CHEMBL305108,7.698970004336019,Active
O=C(N[C@H]1CCCN2CCC[C@@H](C(=O)O)N2C1=O)[C@@H](S)Cc1ccccc1,CHEMBL65545,8.096910013008056,Active
O=C(N[C@H]1CCCN2CC[C@@H](C(=O)O)N2C1=O)[C@@H](S)Cc1ccccc1,CHEMBL66254,7.920818753952375,Active
O=C(N[C@H]1CCCSC2CCC[C@@H](C(=O)O)N21)[C@@H](S)Cc1ccccc1,CHEMBL372307,8.301029995663981,Active
O=C(N[C@H]1CCS[C@H]2CCC[C@@H](C(=O)O)N2C1=O)[C@@H](S)Cc1ccccc1,CHEMBL289556,9.5,Active
O=C(N[C@H]1Cc2ccccc2C2CCC[C@H](C(=O)O)N2C1=O)[C@H](S)Cc1ccccc1,CHEMBL198316,9.958607314841775,Active
O=C(Nc1ccc(S(=O)(=O)N[C@H](Cc2c[nH]c3ccccc23)C(=O)O)cc1)c1ccc(Br)cc1,CHEMBL155874,6.0,Active
O=C(O)C(CCc1ccccc1)NC1CCCC2SCC(C(=O)O)N2C1=O,CHEMBL322266,8.700057099977233,Active
O=C(O)C(CCc1ccccc1)N[C@@H](Cc1ccccc1)C(=O)NC[C@H](O)C(=O)O,CHEMBL113759,5.0,Inactive
O=C(O)C(CCc1ccccc1)N[C@H]1CCCC2SC[C@@H](C(=O)O)N2C1=O,CHEMBL340528,9.221848749616356,Active
O=C(O)C(CCc1ccccc1)N[C@H]1CCC[C@H]2SC[C@@H](C(=O)O)N2C1=O,CHEMBL347755,9.221848749616356,Active
O=C(O)C1CC2(CN1C(=O)CP(=O)(O)CCCCc1ccccc1)SCCS2,CHEMBL108988,7.899974269892137,Active
O=C(O)C1CCC(=O)N1CCCS,CHEMBL323051,1.0,Inactive
O=C(O)C1CCCN1C(=O)C1CCC1S,CHEMBL106193,6.799998134593398,Active
O=C(O)C1CCCN1C(=O)C1CCCC1S,CHEMBL321012,6.900008766455316,Active
O=C(O)C1CCCN2C(=O)CC(CS)C(=O)N12,CHEMBL325544,6.900008766455316,Active
O=C(O)C1CSC(c2ccccc2O)N1C(=O)CCS,CHEMBL110444,7.443571871667189,Active
O=C(O)C1Cc2sccc2CN1C(=O)CCS,CHEMBL23467,6.2076083105017466,Active
O=C(O)C1c2ccccc2CN1C(=O)CCS,CHEMBL417226,4.236572006437063,Inactive
O=C(O)CC(=O)NC(CS)Cc1ccccc1,CHEMBL38405,1.0,Inactive
O=C(O)CC(O)CCc1ccc(-c2ccccc2)cc1,CHEMBL572982,3.6020599913279625,Inactive
O=C(O)CCC(=O)N1CCC[C@H]1C(=O)O,CHEMBL310578,4.838631997765025,Inactive
O=C(O)CCCC(=O)N1CCC[C@H]1C(=O)O,CHEMBL277919,4.154901959985743,Inactive
O=C(O)CCCNCP(=O)(O)CCc1ccccc1,CHEMBL114552,4.0,Inactive
O=C(O)CCN1C(=O)[C@@H](NC(=O)[C@@H](CS)Cc2ccccc2)CCc2ccccc21,CHEMBL51438,7.443697499232712,Active
O=C(O)CCN1C(=O)[C@@H](NC(=O)[C@@H](S)Cc2ccccc2)CCc2ccccc21,CHEMBL301364,7.443697499232712,Active
O=C(O)CCN1C(=O)[C@@H](NC(=O)[C@@H](S)Cc2ccccc2)COc2ccccc21,CHEMBL301751,7.508638306165727,Active
O=C(O)CCN1C(=O)[C@@H](NC(=O)[C@@H](S)Cc2ccccc2)CSc2ccccc21,CHEMBL299441,7.853871964321762,Active
O=C(O)CCNC(=O)C(CS)Cc1ccccc1,CHEMBL196902,4.494850021680094,Inactive
O=C(O)CCc1cc(O)c2n(c1=O)C(C(=O)O)CC2,CHEMBL107635,7.50003813440381,Active
O=C(O)CN(CCN(CC(=O)O)CC(=O)O)CC(=O)O,CHEMBL858,4.853871964321762,Inactive
O=C(O)CN1C(=O)/C(=N\C(=S)NCc2cc3ccccc3cc2O)c2ccccc21,CHEMBL4174467,8.545765104251734,Active
O=C(O)CN1C(=O)C(NC(=O)[C@@H](S)Cc2ccccc2)CCCc2ccccc21,CHEMBL50814,7.6020599913279625,Active
O=C(O)CN1C(=O)C(NC(CCc2ccccc2)C(=O)O)CCc2ccccc21,CHEMBL80906,8.0,Active
O=C(O)CN1C(=O)[C@@H](NC(=O)[C@@H](CS)Cc2ccccc2)CCc2ccccc21,CHEMBL51498,8.318758762624412,Active
O=C(O)CN1C(=O)[C@@H](NC(=O)[C@@H](CS)Cc2ccccc2)COc2ccccc21,CHEMBL51389,8.356547323513812,Active
O=C(O)CN1C(=O)[C@@H](NC(=O)[C@@H](CS)Cc2ccccc2)CSc2ccccc21,CHEMBL51780,7.769551078621726,Active
O=C(O)CN1C(=O)[C@@H](NC(=O)[C@@H](S)CC2CCCCC2)CCc2ccccc21,CHEMBL299438,7.657577319177793,Active
O=C(O)CN1C(=O)[C@@H](NC(=O)[C@@H](S)Cc2ccccc2)CCc2ccccc21,CHEMBL299639,7.920818753952375,Active
O=C(O)CN1C(=O)[C@@H](NC(=O)[C@@H](S)Cc2ccccc2)COc2ccccc21,CHEMBL54036,7.552841968657781,Active
O=C(O)CN1C(=O)[C@@H](NC(=O)[C@@H](S)Cc2ccccc2)CSc2ccccc21,CHEMBL298388,7.886056647693163,Active
O=C(O)CN1C(=O)[C@@H](NC(=O)[C@H](S)Cc2ccccc2)CCc2ccccc21,CHEMBL422944,6.546681659952962,Active
O=C(O)CN1C(=O)[C@@H](NC(CCc2ccccc2)C(=O)O)CSc2ccccc21,CHEMBL290284,8.522878745280337,Active
O=C(O)CN1C(=O)[C@@H](N[C@@H](CCCCNC(=O)OCc2ccccc2)C(=O)O)CCc2ccccc21,CHEMBL432689,7.886056647693163,Active
O=C(O)CN1C(=O)[C@@H](N[C@@H](CCc2ccccc2)C(=O)O)CCc2ccccc21,CHEMBL1192519,8.769551078621726,Active
O=C(O)CN1C(=O)[C@@H](N[C@@H](COCc2ccccc2)C(=O)O)CCc2ccccc21,CHEMBL42683,8.0,Active
O=C(O)CN1C(=O)[C@@H](N[C@@H](CSCCc2ccccc2)C(=O)O)CCc2ccccc21,CHEMBL42976,8.154901959985743,Active
O=C(O)CN1C(=O)[C@@H](N[C@@H](CSCc2ccccc2)C(=O)O)CCc2ccccc21,CHEMBL289267,8.537602002101044,Active
O=C(O)CN1C(=O)[C@@H](N[C@@H](CSc2ccccc2)C(=O)O)CCc2ccccc21,CHEMBL38613,8.397940008672037,Active
O=C(O)CN1C(=O)[C@@H](N[C@@H](Cc2c[nH]c3ccccc23)C(=O)O)CCc2ccccc21,CHEMBL44077,7.886056647693163,Active
O=C(O)CN1C(=O)[C@@H](N[C@@H](Cc2ccccc2)C(=O)O)CCc2ccccc21,CHEMBL290802,8.070581074285707,Active
O=C(O)CN1C(=O)[C@H](NC(=O)[C@@H](S)Cc2ccccc2)CCc2ccccc21,CHEMBL50315,6.51427857351842,Active
O=C(O)CN1CCC(NC(CCc2ccccc2)C(=O)O)C1=O,CHEMBL86891,4.821032576499773,Inactive
O=C(O)CN1CCCC(CS)C1=O,CHEMBL11707,6.0,Active
O=C(O)CN1CCCC(NC(CCc2ccccc2)C(=O)O)C1=O,CHEMBL314706,6.068041311521069,Active
O=C(O)CN1CCCCC(NC(CCc2ccccc2)C(=O)O)C1=O,CHEMBL85175,6.938074179516457,Active
O=C(O)CN1CCCCCC(NC(CCc2ccccc2)C(=O)O)C1=O,CHEMBL86518,7.044154920623069,Active
O=C(O)CN1CCCCCCC(NC(CCc2ccccc2)C(=O)O)C1=O,CHEMBL86915,6.988785814407256,Active
O=C(O)CN1CCCCC[C@@H](N[C@H](CCc2ccccc2)C(=O)O)C1=O,CHEMBL3350294,7.036212172654444,Active
O=C(O)CN1CCCCC[C@H](N[C@@H](CCc2ccccc2)C(=O)O)C1=O,CHEMBL2114219,8.698970004336019,Active
O=C(O)CN1CCCC[C@H](NC(=O)[C@@H](S)Cc2ccccc2)C1=O,CHEMBL299169,7.657577319177793,Active
O=C(O)CN1Cc2ccccc2C[C@H](NC(=O)[C@@H](S)Cc2ccccc2)C1=O,CHEMBL51576,7.481486060122112,Active
O=C(O)CN1NCCC[C@H](NC(=O)[C@@H](S)Cc2ccccc2)C1=O,CHEMBL417034,7.221848749616356,Active
O=C(O)CNC(=O)C(CS)Cc1ccccc1,CHEMBL10247,6.252928447517268,Active
O=C(O)CNC(=O)[C@@H]1CCCN1,CHEMBL59426,1.7700000001180825,Inactive
O=C(O)Cn1c(=O)n2n(c1=O)C(C(=O)O)C=CC2,CHEMBL326902,8.500038134403809,Active
O=C(O)[C@@H](Cc1c[nH]c2ccccc12)NS(=O)(=O)c1ccc(-c2nnn(-c3ccccc3)n2)cc1,CHEMBL345597,6.0,Active
O=C(O)[C@@H]1CCCN1C(=O)CCS,CHEMBL10962,2.744727494896694,Inactive
O=C(O)[C@@H]1CS[C@H](c2ccccc2O)N1C(=O)CCS,CHEMBL309962,7.885953880421509,Active
O=C(O)[C@@H]1Cc2c([nH]c3ccccc23)CN1C(=O)CCS,CHEMBL5283805,6.267606240177032,Active
O=C(O)[C@H](Cc1ccc(-c2ccccc2)cc1)NC(=O)C1(NCP(=O)(O)O)CCCC1,CHEMBL329666,6.0,Active
O=C(O)[C@H](Cc1ccc(-c2ccccc2)cc1)NC(=O)[C@@H](NCP(=O)(O)O)C1CCCCC1,CHEMBL92638,6.0,Active
O=C(O)[C@H](Cc1ccc(-c2ccccc2)cc1)NC(=O)[C@H](Cc1c[nH]cn1)NCP(=O)(O)O,CHEMBL315669,6.0,Active
O=C(O)[C@H](Cc1ccc(-c2ccccc2)cc1)NC(=O)[C@H](Cc1ccc(-c2ccccc2)cc1)NCP(=O)(O)O,CHEMBL418959,6.382999658879101,Active
O=C(O)[C@H](Cc1ccc(-c2ccccc2)cc1)NC(=O)[C@H](Cc1ccc(Cl)cc1)NCP(=O)(O)O,CHEMBL329464,6.325138859262188,Active
O=C(O)[C@H](Cc1ccc(-c2ccccc2)cc1)NC(=O)[C@H](Cc1ccc(O)cc1)NCP(=O)(O)O,CHEMBL420253,6.0,Active
O=C(O)[C@H](Cc1ccc(-c2ccccc2)cc1)NC(=O)[C@H](Cc1ccc2c(c1)OCO2)NCP(=O)(O)O,CHEMBL328463,6.8326826652518236,Active
O=C(O)[C@H](Cc1ccc(-c2ccccc2)cc1)NC(=O)[C@H](Cc1ccc2ccccc2c1)NCP(=O)(O)O,CHEMBL92326,7.275724130399211,Active
O=C(O)[C@H](Cc1ccc(-c2ccccc2)cc1)NC(=O)[C@H](Cc1ccccc1)NCP(=O)(O)O,CHEMBL93180,6.931814138253839,Active
O=C(O)[C@H](Cc1ccc(-c2ccccc2)cc1)NC(=O)[C@H](Cc1ccccc1O)NCP(=O)(O)O,CHEMBL329136,6.0,Active
O=C(O)[C@H](Cc1ccc(-c2ccccc2)cc1)NC(=O)[C@H](Cc1cccs1)NCP(=O)(O)O,CHEMBL330507,6.414539270491499,Active
O=C(O)[C@H](Cc1ccc2ccccc2c1)NC(=O)N(Cc1ccc2c(c1)Cc1ccccc1-2)C[C@H](O)C(=O)O,CHEMBL256895,6.823908740944319,Active
O=C(O)[C@H]1CCCN1C(=O)CCS,CHEMBL305938,6.698970004336019,Active
O=C(O)[C@H]1O[C@@H](Oc2cc3oc(-c4ccccc4)cc(=O)c3c(O)c2O)[C@H](O)[C@@H](O)[C@@H]1O,CHEMBL485818,2.6497519816658373,Inactive
O=C(O)c1cc(O)c(O)c(O)c1,CHEMBL288114,2.113509274827518,Inactive
O=C(OC1O[C@H](CO)[C@@H](O)[C@H](O)[C@H]1O)C1CSSC1,CHEMBL3581909,3.4596705252091264,Inactive
O=C(O[C@@H]1O[C@@H]2COC(=O)c3cc(O)c(O)c(O)c3-c3c(cc(O)c(O)c3O)C(=O)O[C@H]([C@H]1O)[C@@H]2O)c1cc(O)c(O)c(O)c1,CHEMBL449392,2.431798275933005,Inactive
O=C(SC1CCCC1C(=O)N1CCCC1C(=O)O)c1ccccc1,CHEMBL111578,7.199970640755866,Active
O=C(S[C@@H]1C[C@@H](COCc2cc(F)c(F)cc2F)N(C(=O)Oc2cccc3c2OCCO3)C1)c1ccccc1,CHEMBL193490,4.0,Inactive
O=C1/C(=N\C(=S)NCc2cc3ccccc3cc2O)c2ccccc2N1C(=O)c1ccccc1,CHEMBL4163792,8.053498609430413,Active
O=C1/C(=N\C(=S)NCc2cc3ccccc3cc2O)c2ccccc2N1CCBr,CHEMBL4160421,8.386158178123932,Active
O=C1/C(=N\C(=S)NCc2cc3ccccc3cc2O)c2ccccc2N1c1ccccc1,CHEMBL4167252,7.721932669111338,Active
O=C1/C(=N\C(=S)NCc2cc3ccccc3cc2O)c2ccccc2N1c1ccccc1Cl,CHEMBL4163798,7.820735535660974,Active
O=C1C2=C(CCCC2)S(=O)(=O)N1c1c(F)c(F)c(F)c(F)c1F,CHEMBL503392,4.0,Inactive
O=C1C2=C(CCCC2)S(=O)(=O)N1c1c(F)c(F)nc(F)c1F,CHEMBL461945,4.0,Inactive
O=C1C2=C(CCCC2)S(=O)(=O)N1c1cccc(Br)n1,CHEMBL459683,4.0,Inactive
O=C1C2=C(CCCC2)S(=O)(=O)N1c1cccc(Cl)n1,CHEMBL513281,4.0,Inactive
O=C1C2=C(CCCC2)S(=O)(=O)N1c1ccncc1.[O-][Cl+3]([O-])([O-])O,CHEMBL512569,4.0,Inactive
O=C1C2=C(CCCC2)S(=O)(=O)N1c1ncc(F)cc1F,CHEMBL459684,4.0,Inactive
O=C1N[C@@H](C(=O)O)Cc2ccccc2CCCCCCC[C@@H]1CS,CHEMBL423574,5.0,Inactive
O=C1N[C@@H](C(=O)O)Cc2ccccc2CCCCCC[C@@H]1CS,CHEMBL149367,6.327902142064283,Active
O=C1N[C@H](C(=O)O)CCCCCCc2cccc(c2)C[C@@H]1CS,CHEMBL357584,6.756961951313706,Active
O=C1N[C@H](C(=O)O)CCCCCCc2cccc(c2)C[C@H]1CS,CHEMBL147526,6.928117992693875,Active
O=C1N[C@H](C(=O)O)CCCCCCc2ccccc2C[C@@H]1CS,CHEMBL149841,5.0,Inactive
O=C1N[C@H](C(=O)O)CCCCCCc2ccccc2C[C@H]1CS,CHEMBL146573,5.0,Inactive
O=C1N[C@H](C(=O)O)CCCCCc2cccc(c2)C[C@@H]1CS,CHEMBL147185,8.397940008672037,Active
O=C1N[C@H](C(=O)O)CCCCCc2cccc(c2)C[C@H]1CS,CHEMBL148840,7.1259059864969,Active
O=C1N[C@H](C(=O)O)CCCCc2ccccc2C[C@@H]1CS,CHEMBL150222,5.0,Inactive
O=C1N[C@H](C(=O)O)CCCCc2ccccc2C[C@H]1CS,CHEMBL346424,5.0,Inactive
O=C1N[C@H](C(=O)O)Cc2ccccc2CCCCCC[C@@H]1CS,CHEMBL147755,6.139661993429006,Active
O=C1O[C@H]2[C@@H]3OC(=O)c4cc(O)c(O)c(O)c4-c4c(cc(O)c(O)c4O)C(=O)OC[C@H]2O[C@@H](OC(=O)c2cc(O)c(O)c(O)c2)[C@@H]3OC(=O)c2cc(O)c(O)c3c2[C@@H]2C1=CC(=O)[C@](O)(O3)C2(O)O,CHEMBL506069,3.3979400086720375,Inactive
O=C1c2ccccc2-c2ccc(CN(C[C@H](O)C(=O)O)C(=O)N[C@@H](Cc3ccc4ccccc4c3)C(=O)O)cc21,CHEMBL258130,7.4089353929735005,Active
O=C1c2ccccc2C(=O)c2cc(CN(C[C@H](O)C(=O)O)C(=O)N[C@@H](Cc3ccc4ccccc4c3)C(=O)O)ccc21,CHEMBL273140,7.3979400086720375,Active
O=C1c2ccccc2S(=O)(=O)N1c1c(F)c(F)nc(F)c1F,CHEMBL518500,4.0,Inactive
O=c1c2cc(O)c(O)cc2oc2c(O)c(O)ccc12,CHEMBL477740,4.450996737974212,Inactive
O=c1c2cc(O)c(O)cc2oc2cc(O)c(O)cc12,CHEMBL12700,3.114073660198569,Inactive
O=c1c2cc(O)c(O)cc2oc2cc(O)cc(O)c12,CHEMBL187265,3.275069085807602,Inactive
O=c1c2ccc(O)c(O)c2oc2c(O)c(O)ccc12,CHEMBL477921,3.6225116166238673,Inactive
O=c1c2ccc(O)c(O)c2oc2cc(O)cc(O)c12,CHEMBL448040,4.1598939055432425,Inactive
O=c1cc(N2CCOCC2)oc2ccccc12,CHEMBL367315,4.872895201635193,Inactive
O=c1oc2c(O)c(O)cc3c(=O)oc4c(O)c(O)cc1c4c23,CHEMBL6246,2.3010299956639813,Inactive
